Timestamp,Device_ID,Source_IP,Destination_IP,Packet_Count,Bytes_Transferred,Duration,Protocol,Source_Port,Destination_Port,Label
2026-02-16T17:14:18.848Z,ESP8266_MALICIOUS,10.181.225.236,10.181.225.181,161,3879,1223,tcp,5759,664,1
2026-02-16T17:14:20.889Z,ESP8266_MALICIOUS,10.181.225.236,10.181.225.181,128,1390,1225,tcp,61750,782,1
2026-02-16T17:14:22.920Z,ESP8266_MALICIOUS,10.181.225.236,10.181.225.181,234,3132,1227,tcp,2951,335,1
2026-02-16T17:14:25.022Z,ESP8266_MALICIOUS,10.181.225.236,10.181.225.181,1850,85117,1229,tcp,56275,56344,1
2026-02-16T17:14:26.956Z,ESP8266_MALICIOUS,10.181.225.236,10.181.225.181,995,193935,1231,tcp,51518,44138,1
2026-02-16T17:14:28.999Z,ESP8266_MALICIOUS,10.181.225.236,10.181.225.181,876,166389,1233,tcp,50598,60294,1
2026-02-16T17:14:31.042Z,ESP8266_MALICIOUS,10.181.225.236,10.181.225.181,1957,144941,1235,tcp,51146,14179,1
2026-02-16T17:14:33.083Z,ESP8266_MALICIOUS,10.181.225.236,10.181.225.181,1813,187784,1237,tcp,55619,38120,1
2026-02-16T17:14:35.485Z,ESP8266_MALICIOUS,10.181.225.236,10.181.225.181,1207,189968,1239,tcp,59435,14794,1
2026-02-16T17:14:37.144Z,ESP8266_MALICIOUS,10.181.225.236,10.181.225.181,1009,133739,1242,tcp,55218,48109,1
2026-02-16T17:14:39.192Z,ESP8266_MALICIOUS,10.181.225.236,10.181.225.181,1223,144754,1244,tcp,63949,52839,1
2026-02-16T17:14:41.136Z,ESP8266_MALICIOUS,10.181.225.236,10.181.225.181,939,141393,1246,tcp,65130,64251,1
2026-02-16T17:14:43.288Z,ESP8266_MALICIOUS,10.181.225.236,10.181.225.181,815,83355,1248,tcp,50389,9861,1
2026-02-16T17:14:45.179Z,ESP8266_MALICIOUS,10.181.225.236,10.181.225.181,441,89909,1250,tcp,62060,28080,1
2026-02-16T17:14:47.214Z,ESP8266_MALICIOUS,10.181.225.236,10.181.225.181,807,63554,1252,tcp,54102,30883,1
2026-02-16T17:14:49.289Z,ESP8266_MALICIOUS,10.181.225.236,10.181.225.181,350,69648,1254,tcp,60792,52517,1
2026-02-16T17:14:51.560Z,ESP8266_MALICIOUS,10.181.225.236,10.181.225.181,460,92483,1256,tcp,54952,36303,1
2026-02-16T17:14:53.345Z,ESP8266_MALICIOUS,10.181.225.236,10.181.225.181,915,43710,1258,tcp,60013,18116,1
2026-02-16T17:14:55.297Z,ESP8266_MALICIOUS,10.181.225.236,10.181.225.181,204,51579,1260,tcp,51950,5882,1
2026-02-16T17:14:57.334Z,ESP8266_MALICIOUS,10.181.225.236,10.181.225.181,690,65372,1262,tcp,56242,59191,1
2026-02-16T17:14:59.374Z,ESP8266_MALICIOUS,10.181.225.236,10.181.225.181,473,25712,1264,tcp,57568,6646,1
2026-02-16T17:15:01.413Z,ESP8266_MALICIOUS,10.181.225.236,10.181.225.181,735,53092,1266,tcp,51767,55267,1
2026-02-16T17:15:03.452Z,ESP8266_MALICIOUS,10.181.225.236,10.181.225.181,601,78528,1268,tcp,49326,42701,1
2026-02-16T17:15:05.493Z,ESP8266_MALICIOUS,10.181.225.236,10.181.225.181,787,115383,1270,tcp,52374,13625,1
2026-02-16T17:15:07.537Z,ESP8266_MALICIOUS,10.181.225.236,10.181.225.181,879,108030,1272,tcp,57854,9080,1
2026-02-16T17:15:09.583Z,ESP8266_MALICIOUS,10.181.225.236,10.181.225.181,582,135154,1274,tcp,52742,28132,1
2026-02-16T17:15:11.621Z,ESP8266_MALICIOUS,10.181.225.236,10.181.225.181,1073,69002,1276,tcp,65413,57164,1
2026-02-16T17:15:13.664Z,ESP8266_MALICIOUS,10.181.225.236,10.181.225.181,1227,59013,1278,tcp,63671,61412,1
2026-02-16T17:15:15.701Z,ESP8266_MALICIOUS,10.181.225.236,10.181.225.181,1209,77373,1280,tcp,54005,35749,1
2026-02-16T17:15:17.739Z,ESP8266_MALICIOUS,10.181.225.236,10.181.225.181,1231,97633,1282,tcp,53604,60266,1
2026-02-16T17:15:19.811Z,ESP8266_MALICIOUS,10.181.225.236,10.181.225.181,675,84588,1284,tcp,54018,50450,1
2026-02-16T17:15:21.800Z,ESP8266_MALICIOUS,10.181.225.236,10.181.225.181,582,99867,1286,tcp,62662,40373,1
2026-02-16T17:15:23.916Z,ESP8266_MALICIOUS,10.181.225.236,10.181.225.181,653,141081,1288,tcp,58448,22754,1
2026-02-16T17:15:25.854Z,ESP8266_MALICIOUS,10.181.225.236,10.181.225.181,263,1024,1290,tcp,16628,389,1
2026-02-16T17:15:28.096Z,ESP8266_MALICIOUS,10.181.225.236,10.181.225.181,190,2325,1292,tcp,51893,973,1
2026-02-16T17:15:29.939Z,ESP8266_MALICIOUS,10.181.225.236,10.181.225.181,120,4725,1294,tcp,3300,982,1
2026-02-16T17:15:32.059Z,ESP8266_MALICIOUS,10.181.225.236,10.181.225.181,286,2157,1296,tcp,3625,469,1
2026-02-16T17:15:34.029Z,ESP8266_MALICIOUS,10.181.225.236,10.181.225.181,177,1170,1298,tcp,62038,538,1
2026-02-16T17:15:36.152Z,ESP8266_MALICIOUS,10.181.225.236,10.181.225.181,286,4355,1300,tcp,28478,492,1
2026-02-16T17:15:38.106Z,ESP8266_MALICIOUS,10.181.225.236,10.181.225.181,204,1190,1303,tcp,5545,514,1
2026-02-16T17:15:40.143Z,ESP8266_MALICIOUS,10.181.225.236,10.181.225.181,148,2461,1305,tcp,2628,715,1
2026-02-16T17:15:42.185Z,ESP8266_MALICIOUS,10.181.225.236,10.181.225.181,125,3170,1307,tcp,56598,926,1
2026-02-16T17:15:44.222Z,ESP8266_MALICIOUS,10.181.225.236,10.181.225.181,205,1281,1309,tcp,56714,452,1
2026-02-16T17:15:46.258Z,ESP8266_MALICIOUS,10.181.225.236,10.181.225.181,1989,102559,1311,tcp,51215,6680,1
2026-02-16T17:15:48.298Z,ESP8266_MALICIOUS,10.181.225.236,10.181.225.181,1911,101440,1313,tcp,57491,6204,1
2026-02-16T17:15:50.332Z,ESP8266_MALICIOUS,10.181.225.236,10.181.225.181,1768,179951,1315,tcp,63345,33419,1
2026-02-16T17:15:52.374Z,ESP8266_MALICIOUS,10.181.225.236,10.181.225.181,1616,94185,1317,tcp,54149,24076,1
2026-02-16T17:15:54.419Z,ESP8266_MALICIOUS,10.181.225.236,10.181.225.181,1442,134850,1319,tcp,51841,24750,1
2026-02-16T17:15:56.464Z,ESP8266_MALICIOUS,10.181.225.236,10.181.225.181,1152,159286,1321,tcp,51828,21645,1
2026-02-16T17:15:58.508Z,ESP8266_MALICIOUS,10.181.225.236,10.181.225.181,1886,150033,1323,tcp,62446,38044,1
2026-02-16T17:16:00.546Z,ESP8266_MALICIOUS,10.181.225.236,10.181.225.181,1729,187977,1325,tcp,56782,34149,1
2026-02-16T17:16:02.588Z,ESP8266_MALICIOUS,10.181.225.236,10.181.225.181,1855,101401,1327,tcp,60980,49718,1
2026-02-16T17:16:04.638Z,ESP8266_MALICIOUS,10.181.225.236,10.181.225.181,1549,177658,1329,tcp,64419,16280,1
2026-02-16T17:16:06.642Z,ESP8266_MALICIOUS,10.181.225.236,10.181.225.181,517,30283,1331,tcp,64362,29222,1
2026-02-16T17:16:08.634Z,ESP8266_MALICIOUS,10.181.225.236,10.181.225.181,667,86577,1333,tcp,49970,41722,1
2026-02-16T17:16:10.696Z,ESP8266_MALICIOUS,10.181.225.236,10.181.225.181,913,83676,1335,tcp,54967,55260,1
2026-02-16T17:16:12.678Z,ESP8266_MALICIOUS,10.181.225.236,10.181.225.181,823,84509,1337,tcp,62161,62494,1
2026-02-16T17:16:14.708Z,ESP8266_MALICIOUS,10.181.225.236,10.181.225.181,713,54076,1339,tcp,54789,44163,1
2026-02-16T17:16:16.742Z,ESP8266_MALICIOUS,10.181.225.236,10.181.225.181,759,54349,1341,tcp,63026,53126,1
2026-02-16T17:16:18.772Z,ESP8266_MALICIOUS,10.181.225.236,10.181.225.181,445,48164,1343,tcp,61165,5842,1
2026-02-16T17:16:20.809Z,ESP8266_MALICIOUS,10.181.225.236,10.181.225.181,659,29328,1345,tcp,58199,1228,1
2026-02-16T17:16:22.843Z,ESP8266_MALICIOUS,10.181.225.236,10.181.225.181,957,23069,1347,tcp,55890,24172,1
2026-02-16T17:16:24.896Z,ESP8266_MALICIOUS,10.181.225.236,10.181.225.181,629,68692,1349,tcp,58971,34001,1
2026-02-16T17:16:26.937Z,ESP8266_MALICIOUS,10.181.225.236,10.181.225.181,1068,94320,1351,tcp,63351,56916,1
2026-02-16T17:16:28.979Z,ESP8266_MALICIOUS,10.181.225.236,10.181.225.181,939,84140,1353,tcp,64449,63581,1
2026-02-16T17:16:31.015Z,ESP8266_MALICIOUS,10.181.225.236,10.181.225.181,1270,116615,1355,tcp,56512,50421,1
2026-02-16T17:16:33.063Z,ESP8266_MALICIOUS,10.181.225.236,10.181.225.181,596,119408,1357,tcp,61298,38031,1
2026-02-16T17:16:35.060Z,ESP8266_MALICIOUS,10.181.225.236,10.181.225.181,1493,71309,1359,tcp,62456,64838,1
2026-02-16T17:16:37.098Z,ESP8266_MALICIOUS,10.181.225.236,10.181.225.181,1330,116016,1362,tcp,49819,63804,1
2026-02-16T17:16:39.141Z,ESP8266_MALICIOUS,10.181.225.236,10.181.225.181,713,110932,1364,tcp,64382,38890,1
2026-02-16T17:16:41.180Z,ESP8266_MALICIOUS,10.181.225.236,10.181.225.181,752,53571,1366,tcp,60954,49478,1
2026-02-16T17:16:43.221Z,ESP8266_MALICIOUS,10.181.225.236,10.181.225.181,774,119726,1368,tcp,54566,47225,1
2026-02-16T17:16:45.266Z,ESP8266_MALICIOUS,10.181.225.236,10.181.225.181,929,86547,1370,tcp,55225,11578,1
2026-02-16T17:16:47.307Z,ESP8266_MALICIOUS,10.181.225.236,10.181.225.181,159,1019,1372,tcp,46870,957,1
2026-02-16T17:16:49.340Z,ESP8266_MALICIOUS,10.181.225.236,10.181.225.181,165,3075,1374,tcp,53207,950,1
2026-02-16T17:16:51.376Z,ESP8266_MALICIOUS,10.181.225.236,10.181.225.181,117,1767,1376,tcp,49266,259,1
2026-02-16T17:16:53.412Z,ESP8266_MALICIOUS,10.181.225.236,10.181.225.181,279,2215,1378,tcp,54649,39,1
2026-02-16T17:16:55.456Z,ESP8266_MALICIOUS,10.181.225.236,10.181.225.181,254,4558,1380,tcp,11827,163,1
2026-02-16T17:16:57.497Z,ESP8266_MALICIOUS,10.181.225.236,10.181.225.181,153,4167,1382,tcp,57848,266,1
2026-02-16T17:16:59.541Z,ESP8266_MALICIOUS,10.181.225.236,10.181.225.181,123,3724,1384,tcp,28126,276,1
2026-02-16T17:17:01.585Z,ESP8266_MALICIOUS,10.181.225.236,10.181.225.181,256,2749,1386,tcp,29228,134,1
2026-02-16T17:17:03.626Z,ESP8266_MALICIOUS,10.181.225.236,10.181.225.181,286,4325,1388,tcp,50496,627,1
2026-02-16T17:17:05.682Z,ESP8266_MALICIOUS,10.181.225.236,10.181.225.181,182,4353,1390,tcp,57340,385,1
2026-02-16T17:17:07.674Z,ESP8266_MALICIOUS,10.181.225.236,10.181.225.181,964,99436,1392,tcp,63048,64429,1
2026-02-16T17:17:09.713Z,ESP8266_MALICIOUS,10.181.225.236,10.181.225.181,1754,84281,1394,tcp,56370,19695,1
2026-02-16T17:17:11.748Z,ESP8266_MALICIOUS,10.181.225.236,10.181.225.181,1977,182282,1396,tcp,61943,53212,1
2026-02-16T17:17:13.800Z,ESP8266_MALICIOUS,10.181.225.236,10.181.225.181,1833,164632,1398,tcp,55353,55843,1
2026-02-16T17:17:15.787Z,ESP8266_MALICIOUS,10.181.225.236,10.181.225.181,1448,103977,1400,tcp,64707,3866,1
2026-02-16T17:17:17.827Z,ESP8266_MALICIOUS,10.181.225.236,10.181.225.181,1799,144880,1402,tcp,54144,52998,1
2026-02-16T17:17:19.862Z,ESP8266_MALICIOUS,10.181.225.236,10.181.225.181,1403,197840,1404,tcp,55450,30357,1
2026-02-16T17:17:21.917Z,ESP8266_MALICIOUS,10.181.225.236,10.181.225.181,1479,152322,1406,tcp,51218,20743,1
2026-02-16T17:17:23.901Z,ESP8266_MALICIOUS,10.181.225.236,10.181.225.181,948,184736,1408,tcp,53508,9464,1
2026-02-16T17:17:25.936Z,ESP8266_MALICIOUS,10.181.225.236,10.181.225.181,1212,96646,1410,tcp,55076,30363,1
2026-02-16T17:17:27.979Z,ESP8266_MALICIOUS,10.181.225.236,10.181.225.181,399,80575,1412,tcp,57343,18195,1
2026-02-16T17:17:30.023Z,ESP8266_MALICIOUS,10.181.225.236,10.181.225.181,985,32038,1414,tcp,60327,60495,1
2026-02-16T17:17:32.057Z,ESP8266_MALICIOUS,10.181.225.236,10.181.225.181,462,41420,1416,tcp,49437,38395,1
2026-02-16T17:17:34.099Z,ESP8266_MALICIOUS,10.181.225.236,10.181.225.181,339,25768,1419,tcp,53884,46022,1
2026-02-16T17:17:36.134Z,ESP8266_MALICIOUS,10.181.225.236,10.181.225.181,629,63654,1421,tcp,50481,24764,1
2026-02-16T17:17:38.170Z,ESP8266_MALICIOUS,10.181.225.236,10.181.225.181,591,62812,1423,tcp,59512,49651,1
2026-02-16T17:17:40.204Z,ESP8266_MALICIOUS,10.181.225.236,10.181.225.181,220,65788,1425,tcp,63272,10333,1
2026-02-16T17:17:42.237Z,ESP8266_MALICIOUS,10.181.225.236,10.181.225.181,714,91903,1427,tcp,52685,28400,1
2026-02-16T17:17:44.279Z,ESP8266_MALICIOUS,10.181.225.236,10.181.225.181,704,56891,1429,tcp,56560,32743,1
2026-02-16T17:17:46.320Z,ESP8266_MALICIOUS,10.181.225.236,10.181.225.181,857,90856,1431,tcp,55303,49652,1
2026-02-16T17:17:48.356Z,ESP8266_MALICIOUS,10.181.225.236,10.181.225.181,857,78156,1433,tcp,59963,41816,1
2026-02-16T17:17:50.387Z,ESP8266_MALICIOUS,10.181.225.236,10.181.225.181,580,126625,1435,tcp,58238,36606,1
2026-02-16T17:17:52.421Z,ESP8266_MALICIOUS,10.181.225.236,10.181.225.181,1039,111356,1437,tcp,49892,10747,1
2026-02-16T17:17:54.469Z,ESP8266_MALICIOUS,10.181.225.236,10.181.225.181,656,136427,1439,tcp,54077,30731,1
2026-02-16T17:17:56.499Z,ESP8266_MALICIOUS,10.181.225.236,10.181.225.181,1460,58384,1441,tcp,54112,20390,1
2026-02-16T17:17:58.889Z,ESP8266_MALICIOUS,10.181.225.236,10.181.225.181,1332,137185,1443,tcp,62254,63040,1
2026-02-16T17:18:00.616Z,ESP8266_MALICIOUS,10.181.225.236,10.181.225.181,861,76504,1445,tcp,55958,7678,1
2026-02-16T17:18:02.598Z,ESP8266_MALICIOUS,10.181.225.236,10.181.225.181,717,108392,1447,tcp,52201,36022,1
2026-02-16T17:18:04.645Z,ESP8266_MALICIOUS,10.181.225.236,10.181.225.181,1058,128858,1449,tcp,55783,27393,1
2026-02-16T17:18:06.680Z,ESP8266_MALICIOUS,10.181.225.236,10.181.225.181,1133,87630,1451,tcp,62179,52693,1
2026-02-16T17:18:08.716Z,ESP8266_MALICIOUS,10.181.225.236,10.181.225.181,232,4965,1453,tcp,28398,985,1
2026-02-16T17:18:10.750Z,ESP8266_MALICIOUS,10.181.225.236,10.181.225.181,290,3169,1455,tcp,28403,862,1
2026-02-16T17:18:12.786Z,ESP8266_MALICIOUS,10.181.225.236,10.181.225.181,168,3995,1457,tcp,61194,523,1
2026-02-16T17:18:14.828Z,ESP8266_MALICIOUS,10.181.225.236,10.181.225.181,183,2494,1459,tcp,65250,234,1
2026-02-16T17:18:16.872Z,ESP8266_MALICIOUS,10.181.225.236,10.181.225.181,155,2126,1461,tcp,13171,5,1
2026-02-16T17:18:18.933Z,ESP8266_MALICIOUS,10.181.225.236,10.181.225.181,242,2341,1463,tcp,16321,703,1
2026-02-16T17:18:20.934Z,ESP8266_MALICIOUS,10.181.225.236,10.181.225.181,202,1847,1465,tcp,59876,149,1
2026-02-16T17:18:22.926Z,ESP8266_MALICIOUS,10.181.225.236,10.181.225.181,221,1401,1467,tcp,3761,152,1
2026-02-16T17:18:24.974Z,ESP8266_MALICIOUS,10.181.225.236,10.181.225.181,258,2567,1469,tcp,60771,118,1
2026-02-16T17:18:27.021Z,ESP8266_MALICIOUS,10.181.225.236,10.181.225.181,131,4716,1471,tcp,30630,610,1
2026-02-16T17:18:29.062Z,ESP8266_MALICIOUS,10.181.225.236,10.181.225.181,1052,183457,1473,tcp,59335,48103,1
2026-02-16T17:18:31.098Z,ESP8266_MALICIOUS,10.181.225.236,10.181.225.181,1003,170695,1476,tcp,54539,54582,1
2026-02-16T17:18:33.138Z,ESP8266_MALICIOUS,10.181.225.236,10.181.225.181,1367,92695,1478,tcp,57691,46103,1
2026-02-16T17:18:35.187Z,ESP8266_MALICIOUS,10.181.225.236,10.181.225.181,1899,88485,1480,tcp,63231,59014,1
2026-02-16T17:18:37.174Z,ESP8266_MALICIOUS,10.181.225.236,10.181.225.181,1082,134421,1482,tcp,51457,41012,1
2026-02-16T17:18:39.501Z,ESP8266_MALICIOUS,10.181.225.236,10.181.225.181,1908,102692,1484,tcp,61661,43033,1
2026-02-16T17:18:41.251Z,ESP8266_MALICIOUS,10.181.225.236,10.181.225.181,1319,121388,1486,tcp,51302,55476,1
2026-02-16T17:18:43.297Z,ESP8266_MALICIOUS,10.181.225.236,10.181.225.181,1883,132906,1488,tcp,54320,49155,1
2026-02-16T17:18:45.341Z,ESP8266_MALICIOUS,10.181.225.236,10.181.225.181,812,193828,1490,tcp,63207,8129,1
2026-02-16T17:18:47.380Z,ESP8266_MALICIOUS,10.181.225.236,10.181.225.181,1813,152107,1492,tcp,54137,26516,1
2026-02-16T17:18:49.411Z,ESP8266_MALICIOUS,10.181.225.236,10.181.225.181,507,38701,1494,tcp,49365,34608,1
2026-02-16T17:18:51.444Z,ESP8266_MALICIOUS,10.181.225.236,10.181.225.181,666,76625,1496,tcp,54826,57220,1
2026-02-16T17:18:53.480Z,ESP8266_MALICIOUS,10.181.225.236,10.181.225.181,612,75250,1498,tcp,58294,34108,1
2026-02-16T17:18:55.540Z,ESP8266_MALICIOUS,10.181.225.236,10.181.225.181,992,71615,1500,tcp,49769,18164,1
2026-02-16T17:18:57.541Z,ESP8266_MALICIOUS,10.181.225.236,10.181.225.181,462,84559,1502,tcp,53795,32733,1
2026-02-16T17:18:59.621Z,ESP8266_MALICIOUS,10.181.225.236,10.181.225.181,983,36593,1504,tcp,61811,41449,1
2026-02-16T17:19:01.610Z,ESP8266_MALICIOUS,10.181.225.236,10.181.225.181,607,62647,1506,tcp,62596,32826,1
2026-02-16T17:19:03.723Z,ESP8266_MALICIOUS,10.181.225.236,10.181.225.181,204,70578,1508,tcp,56525,47133,1
2026-02-16T17:19:05.665Z,ESP8266_MALICIOUS,10.181.225.236,10.181.225.181,648,45154,1510,tcp,51738,5524,1
2026-02-16T17:19:07.863Z,ESP8266_MALICIOUS,10.181.225.236,10.181.225.181,707,71445,1512,tcp,58999,4696,1
2026-02-16T17:19:09.704Z,ESP8266_MALICIOUS,10.181.225.236,10.181.225.181,847,78286,1514,tcp,59392,16323,1
2026-02-16T17:19:11.816Z,ESP8266_MALICIOUS,10.181.225.236,10.181.225.181,1378,129649,1516,tcp,51494,20973,1
2026-02-16T17:19:13.791Z,ESP8266_MALICIOUS,10.181.225.236,10.181.225.181,1302,125480,1518,tcp,52022,1873,1
2026-02-16T17:19:15.833Z,ESP8266_MALICIOUS,10.181.225.236,10.181.225.181,770,125876,1520,tcp,49153,1571,1
2026-02-16T17:19:17.871Z,ESP8266_MALICIOUS,10.181.225.236,10.181.225.181,1144,143235,1522,tcp,64065,11062,1
2026-02-16T17:19:19.907Z,ESP8266_MALICIOUS,10.181.225.236,10.181.225.181,1346,111771,1524,tcp,63810,24260,1
2026-02-16T17:19:21.942Z,ESP8266_MALICIOUS,10.181.225.236,10.181.225.181,1450,78109,1526,tcp,63374,4121,1
2026-02-16T17:19:23.976Z,ESP8266_MALICIOUS,10.181.225.236,10.181.225.181,739,87853,1528,tcp,58482,12927,1
2026-02-16T17:19:26.007Z,ESP8266_MALICIOUS,10.181.225.236,10.181.225.181,834,99161,1530,tcp,51693,17358,1
2026-02-16T17:19:28.038Z,ESP8266_MALICIOUS,10.181.225.236,10.181.225.181,1339,112781,1532,tcp,62137,46493,1
2026-02-16T17:19:30.085Z,ESP8266_MALICIOUS,10.181.225.236,10.181.225.181,204,3717,1534,tcp,27155,998,1
2026-02-16T17:19:32.121Z,ESP8266_MALICIOUS,10.181.225.236,10.181.225.181,231,1150,1537,tcp,53747,565,1
2026-02-16T17:19:34.163Z,ESP8266_MALICIOUS,10.181.225.236,10.181.225.181,281,4092,1539,tcp,54261,650,1
2026-02-16T17:19:36.216Z,ESP8266_MALICIOUS,10.181.225.236,10.181.225.181,268,4695,1541,tcp,25815,876,1
2026-02-16T17:19:38.257Z,ESP8266_MALICIOUS,10.181.225.236,10.181.225.181,253,1242,1543,tcp,24542,497,1
2026-02-16T17:19:40.302Z,ESP8266_MALICIOUS,10.181.225.236,10.181.225.181,268,2719,1545,tcp,48820,200,1
2026-02-16T17:19:42.356Z,ESP8266_MALICIOUS,10.181.225.236,10.181.225.181,172,1025,1547,tcp,60149,121,1
2026-02-16T17:19:44.364Z,ESP8266_MALICIOUS,10.181.225.236,10.181.225.181,252,4357,1549,tcp,65274,752,1
2026-02-16T17:19:46.360Z,ESP8266_MALICIOUS,10.181.225.236,10.181.225.181,259,2310,1551,tcp,18378,168,1
2026-02-16T17:19:48.393Z,ESP8266_MALICIOUS,10.181.225.236,10.181.225.181,174,4999,1553,tcp,58707,680,1
2026-02-16T17:19:50.433Z,ESP8266_MALICIOUS,10.181.225.236,10.181.225.181,1439,140868,1555,tcp,49774,9747,1
2026-02-16T17:19:52.464Z,ESP8266_MALICIOUS,10.181.225.236,10.181.225.181,900,164512,1557,tcp,58302,65391,1
2026-02-16T17:19:54.499Z,ESP8266_MALICIOUS,10.181.225.236,10.181.225.181,1270,174702,1559,tcp,59673,61579,1
2026-02-16T17:19:56.540Z,ESP8266_MALICIOUS,10.181.225.236,10.181.225.181,1900,171352,1561,tcp,54203,12682,1
2026-02-16T17:19:58.577Z,ESP8266_MALICIOUS,10.181.225.236,10.181.225.181,1017,96124,1563,tcp,53248,3973,1
2026-02-16T17:20:00.625Z,ESP8266_MALICIOUS,10.181.225.236,10.181.225.181,1841,185302,1565,tcp,53526,56429,1
2026-02-16T17:20:02.663Z,ESP8266_MALICIOUS,10.181.225.236,10.181.225.181,1768,119245,1567,tcp,59464,13927,1
2026-02-16T17:20:04.703Z,ESP8266_MALICIOUS,10.181.225.236,10.181.225.181,817,193592,1569,tcp,56480,25833,1
2026-02-16T17:20:06.742Z,ESP8266_MALICIOUS,10.181.225.236,10.181.225.181,1759,141504,1571,tcp,61485,25143,1
2026-02-16T17:20:08.775Z,ESP8266_MALICIOUS,10.181.225.236,10.181.225.181,1153,109546,1573,tcp,62535,12601,1
2026-02-16T17:20:10.813Z,ESP8266_MALICIOUS,10.181.225.236,10.181.225.181,436,97047,1575,tcp,64043,59517,1
2026-02-16T17:20:12.845Z,ESP8266_MALICIOUS,10.181.225.236,10.181.225.181,405,21483,1577,tcp,62773,36592,1
2026-02-16T17:20:14.880Z,ESP8266_MALICIOUS,10.181.225.236,10.181.225.181,782,47161,1579,tcp,62794,54912,1
2026-02-16T17:20:16.913Z,ESP8266_MALICIOUS,10.181.225.236,10.181.225.181,705,35006,1581,tcp,51465,61259,1
2026-02-16T17:20:18.951Z,ESP8266_MALICIOUS,10.181.225.236,10.181.225.181,296,79681,1583,tcp,62235,31941,1
2026-02-16T17:20:21.011Z,ESP8266_MALICIOUS,10.181.225.236,10.181.225.181,745,31225,1585,tcp,54632,26966,1
2026-02-16T17:20:22.997Z,ESP8266_MALICIOUS,10.181.225.236,10.181.225.181,418,72406,1587,tcp,52650,32812,1
2026-02-16T17:20:25.032Z,ESP8266_MALICIOUS,10.181.225.236,10.181.225.181,357,78316,1589,tcp,59705,10785,1
2026-02-16T17:20:27.065Z,ESP8266_MALICIOUS,10.181.225.236,10.181.225.181,622,24773,1591,tcp,50773,62485,1
2026-02-16T17:20:29.100Z,ESP8266_MALICIOUS,10.181.225.236,10.181.225.181,785,43084,1594,tcp,64170,40736,1
2026-02-16T17:20:31.140Z,ESP8266_MALICIOUS,10.181.225.236,10.181.225.181,934,82683,1596,tcp,50181,15278,1
2026-02-16T17:20:33.186Z,ESP8266_MALICIOUS,10.181.225.236,10.181.225.181,854,101584,1598,tcp,53001,45680,1
2026-02-16T17:20:35.233Z,ESP8266_MALICIOUS,10.181.225.236,10.181.225.181,1318,147758,1600,tcp,58181,34013,1
2026-02-16T17:20:37.289Z,ESP8266_MALICIOUS,10.181.225.236,10.181.225.181,949,125207,1602,tcp,61782,3479,1
2026-02-16T17:20:39.281Z,ESP8266_MALICIOUS,10.181.225.236,10.181.225.181,761,137318,1604,tcp,54209,21833,1
2026-02-16T17:20:41.325Z,ESP8266_MALICIOUS,10.181.225.236,10.181.225.181,606,109764,1606,tcp,52918,21027,1
2026-02-16T17:20:43.366Z,ESP8266_MALICIOUS,10.181.225.236,10.181.225.181,896,65319,1608,tcp,53022,29821,1
2026-02-16T17:20:45.401Z,ESP8266_MALICIOUS,10.181.225.236,10.181.225.181,1167,125932,1610,tcp,62879,8337,1
2026-02-16T17:20:48.007Z,ESP8266_MALICIOUS,10.181.225.236,10.181.225.181,1114,64185,1612,tcp,60258,42822,1
2026-02-16T17:20:49.454Z,ESP8266_MALICIOUS,10.181.225.236,10.181.225.181,753,114716,1614,tcp,63640,19286,1
2026-02-16T17:20:51.501Z,ESP8266_MALICIOUS,10.181.225.236,10.181.225.181,258,3604,1616,tcp,58225,526,1
2026-02-16T17:30:07.473Z,ESP8266_MALICIOUS,10.181.225.236,10.181.225.181,977,142575,2169,tcp,59540,23207,1
2026-02-16T17:30:07.572Z,ESP8266_MALICIOUS,10.181.225.236,10.181.225.181,776,100847,2172,tcp,50689,36963,1
2026-02-16T17:30:09.613Z,ESP8266_MALICIOUS,10.181.225.236,10.181.225.181,649,65065,2174,tcp,50098,26957,1
2026-02-16T17:30:11.658Z,ESP8266_MALICIOUS,10.181.225.236,10.181.225.181,1293,72923,2176,tcp,64210,19451,1
2026-02-16T17:30:13.698Z,ESP8266_MALICIOUS,10.181.225.236,10.181.225.181,675,142802,2178,tcp,64310,60704,1
2026-02-16T17:30:15.818Z,ESP8266_MALICIOUS,10.181.225.236,10.181.225.181,535,70791,2180,tcp,56619,45041,1
2026-02-16T17:30:17.756Z,ESP8266_MALICIOUS,10.181.225.236,10.181.225.181,1406,96550,2182,tcp,52551,62914,1
2026-02-16T17:30:19.791Z,ESP8266_MALICIOUS,10.181.225.236,10.181.225.181,1234,68923,2184,tcp,49905,12623,1
2026-02-16T17:30:21.831Z,ESP8266_MALICIOUS,10.181.225.236,10.181.225.181,756,140498,2186,tcp,52244,27984,1
2026-02-16T17:30:23.872Z,ESP8266_MALICIOUS,10.181.225.236,10.181.225.181,1440,100414,2188,tcp,54706,59608,1
2026-02-16T17:30:25.906Z,ESP8266_MALICIOUS,10.181.225.236,10.181.225.181,250,2746,2190,tcp,18632,515,1
2026-02-16T17:30:27.950Z,ESP8266_MALICIOUS,10.181.225.236,10.181.225.181,123,3149,2192,tcp,7432,523,1
2026-02-16T17:30:29.984Z,ESP8266_MALICIOUS,10.181.225.236,10.181.225.181,180,3044,2194,tcp,62266,747,1
2026-02-16T17:30:32.030Z,ESP8266_MALICIOUS,10.181.225.236,10.181.225.181,298,1428,2196,tcp,18810,360,1
2026-02-16T17:30:34.064Z,ESP8266_MALICIOUS,10.181.225.236,10.181.225.181,263,2549,2199,tcp,7489,720,1
2026-02-16T17:30:36.102Z,ESP8266_MALICIOUS,10.181.225.236,10.181.225.181,274,4611,2201,tcp,6381,107,1
2026-02-16T17:30:38.139Z,ESP8266_MALICIOUS,10.181.225.236,10.181.225.181,159,2607,2203,tcp,59629,679,1
2026-02-16T17:30:40.179Z,ESP8266_MALICIOUS,10.181.225.236,10.181.225.181,126,3077,2205,tcp,60148,737,1
2026-02-16T17:30:42.214Z,ESP8266_MALICIOUS,10.181.225.236,10.181.225.181,172,3511,2207,tcp,55494,620,1
2026-02-16T17:30:44.326Z,ESP8266_MALICIOUS,10.181.225.236,10.181.225.181,132,2430,2209,tcp,2243,26,1
2026-02-16T17:30:46.266Z,ESP8266_MALICIOUS,10.181.225.236,10.181.225.181,1341,172743,2211,tcp,62734,54170,1
2026-02-16T17:30:48.303Z,ESP8266_MALICIOUS,10.181.225.236,10.181.225.181,1653,167168,2213,tcp,62290,38064,1
2026-02-16T17:30:50.345Z,ESP8266_MALICIOUS,10.181.225.236,10.181.225.181,966,87068,2215,tcp,63569,559,1
2026-02-16T17:30:52.395Z,ESP8266_MALICIOUS,10.181.225.236,10.181.225.181,1692,88530,2217,tcp,51735,20695,1
2026-02-16T17:30:54.393Z,ESP8266_MALICIOUS,10.181.225.236,10.181.225.181,854,190077,2219,tcp,63554,65497,1
2026-02-16T17:30:56.441Z,ESP8266_MALICIOUS,10.181.225.236,10.181.225.181,934,151614,2221,tcp,55093,27943,1
2026-02-16T17:30:58.487Z,ESP8266_MALICIOUS,10.181.225.236,10.181.225.181,1025,182688,2223,tcp,53344,529,1
2026-02-16T17:31:00.515Z,ESP8266_MALICIOUS,10.181.225.236,10.181.225.181,1436,119478,2225,tcp,63226,8700,1
2026-02-16T17:31:02.548Z,ESP8266_MALICIOUS,10.181.225.236,10.181.225.181,1966,99698,2227,tcp,53420,55403,1
2026-02-16T17:31:04.578Z,ESP8266_MALICIOUS,10.181.225.236,10.181.225.181,1652,137381,2229,tcp,57827,24595,1
2026-02-16T17:31:06.620Z,ESP8266_MALICIOUS,10.181.225.236,10.181.225.181,862,94039,2231,tcp,53140,39034,1
2026-02-16T17:31:08.658Z,ESP8266_MALICIOUS,10.181.225.236,10.181.225.181,738,92722,2233,tcp,54151,49380,1
2026-02-16T17:31:10.701Z,ESP8266_MALICIOUS,10.181.225.236,10.181.225.181,518,78557,2235,tcp,62775,39419,1
2026-02-16T17:31:12.735Z,ESP8266_MALICIOUS,10.181.225.236,10.181.225.181,731,37900,2237,tcp,53694,48664,1
2026-02-16T17:31:14.783Z,ESP8266_MALICIOUS,10.181.225.236,10.181.225.181,909,66186,2239,tcp,51685,15373,1
2026-02-16T17:31:16.779Z,ESP8266_MALICIOUS,10.181.225.236,10.181.225.181,497,67839,2241,tcp,52256,22024,1
2026-02-16T17:31:18.818Z,ESP8266_MALICIOUS,10.181.225.236,10.181.225.181,940,42384,2243,tcp,64309,49395,1
2026-02-16T17:31:20.869Z,ESP8266_MALICIOUS,10.181.225.236,10.181.225.181,439,78749,2245,tcp,55919,12083,1
2026-02-16T17:31:22.930Z,ESP8266_MALICIOUS,10.181.225.236,10.181.225.181,301,54989,2247,tcp,53825,64198,1
2026-02-16T17:31:24.923Z,ESP8266_MALICIOUS,10.181.225.236,10.181.225.181,541,52057,2249,tcp,59314,51284,1
2026-02-16T17:31:26.970Z,ESP8266_MALICIOUS,10.181.225.236,10.181.225.181,1370,112917,2251,tcp,52105,51239,1
2026-02-16T17:31:29.006Z,ESP8266_MALICIOUS,10.181.225.236,10.181.225.181,552,93844,2253,tcp,56479,62723,1
2026-02-16T17:31:31.043Z,ESP8266_MALICIOUS,10.181.225.236,10.181.225.181,1149,137639,2255,tcp,56043,46635,1
2026-02-16T17:31:33.076Z,ESP8266_MALICIOUS,10.181.225.236,10.181.225.181,947,59802,2258,tcp,63688,43483,1
2026-02-16T17:31:35.110Z,ESP8266_MALICIOUS,10.181.225.236,10.181.225.181,904,132328,2260,tcp,61387,20087,1
2026-02-16T17:31:37.163Z,ESP8266_MALICIOUS,10.181.225.236,10.181.225.181,1244,107064,2262,tcp,63835,14568,1
2026-02-16T17:31:39.155Z,ESP8266_MALICIOUS,10.181.225.236,10.181.225.181,929,83885,2264,tcp,51278,21601,1
2026-02-16T17:31:41.193Z,ESP8266_MALICIOUS,10.181.225.236,10.181.225.181,1268,128752,2266,tcp,63179,53905,1
2026-02-16T17:31:43.258Z,ESP8266_MALICIOUS,10.181.225.236,10.181.225.181,1366,116854,2268,tcp,59929,6930,1
2026-02-16T17:31:45.261Z,ESP8266_MALICIOUS,10.181.225.236,10.181.225.181,617,118743,2270,tcp,64865,37173,1
2026-02-16T17:31:47.271Z,ESP8266_MALICIOUS,10.181.225.236,10.181.225.181,266,4789,2272,tcp,25526,274,1
2026-02-16T17:31:49.259Z,ESP8266_MALICIOUS,10.181.225.236,10.181.225.181,285,3638,2274,tcp,32709,332,1
2026-02-16T17:31:51.302Z,ESP8266_MALICIOUS,10.181.225.236,10.181.225.181,127,3546,2276,tcp,11167,1013,1
2026-02-16T17:31:53.338Z,ESP8266_MALICIOUS,10.181.225.236,10.181.225.181,100,1821,2278,tcp,40024,151,1
2026-02-16T17:31:55.378Z,ESP8266_MALICIOUS,10.181.225.236,10.181.225.181,111,2383,2280,tcp,64894,934,1
2026-02-16T17:31:57.422Z,ESP8266_MALICIOUS,10.181.225.236,10.181.225.181,122,4217,2282,tcp,44207,965,1
2026-02-16T17:31:59.460Z,ESP8266_MALICIOUS,10.181.225.236,10.181.225.181,163,1390,2284,tcp,10265,707,1
2026-02-16T17:32:01.499Z,ESP8266_MALICIOUS,10.181.225.236,10.181.225.181,142,2958,2286,tcp,38044,704,1
2026-02-16T17:32:03.564Z,ESP8266_MALICIOUS,10.181.225.236,10.181.225.181,127,2926,2288,tcp,39548,806,1
2026-02-16T17:32:05.554Z,ESP8266_MALICIOUS,10.181.225.236,10.181.225.181,249,1430,2290,tcp,15488,496,1
2026-02-16T17:32:07.594Z,ESP8266_MALICIOUS,10.181.225.236,10.181.225.181,888,104177,2292,tcp,65417,40108,1
2026-02-16T17:32:09.642Z,ESP8266_MALICIOUS,10.181.225.236,10.181.225.181,1674,125626,2294,tcp,63410,28083,1
2026-02-16T17:32:11.637Z,ESP8266_MALICIOUS,10.181.225.236,10.181.225.181,1771,171776,2296,tcp,52070,52153,1
2026-02-16T17:32:13.712Z,ESP8266_MALICIOUS,10.181.225.236,10.181.225.181,1158,134007,2298,tcp,64714,28366,1
2026-02-16T17:32:15.704Z,ESP8266_MALICIOUS,10.181.225.236,10.181.225.181,1747,96045,2300,tcp,51498,59171,1
2026-02-16T17:32:17.754Z,ESP8266_MALICIOUS,10.181.225.236,10.181.225.181,1450,124005,2302,tcp,58641,22847,1
2026-02-16T17:32:19.749Z,ESP8266_MALICIOUS,10.181.225.236,10.181.225.181,1259,181465,2304,tcp,51782,2481,1
2026-02-16T17:32:21.785Z,ESP8266_MALICIOUS,10.181.225.236,10.181.225.181,1351,116605,2306,tcp,58767,27575,1
2026-02-16T17:32:23.826Z,ESP8266_MALICIOUS,10.181.225.236,10.181.225.181,997,155577,2308,tcp,60166,23218,1
2026-02-16T17:32:25.862Z,ESP8266_MALICIOUS,10.181.225.236,10.181.225.181,1421,173893,2310,tcp,49791,12700,1
2026-02-16T17:32:27.911Z,ESP8266_MALICIOUS,10.181.225.236,10.181.225.181,296,45520,2312,tcp,51700,24221,1
2026-02-16T17:32:29.947Z,ESP8266_MALICIOUS,10.181.225.236,10.181.225.181,591,44667,2314,tcp,56620,55267,1
2026-02-16T17:32:31.983Z,ESP8266_MALICIOUS,10.181.225.236,10.181.225.181,321,98802,2316,tcp,50051,1247,1
2026-02-16T17:32:34.027Z,ESP8266_MALICIOUS,10.181.225.236,10.181.225.181,336,43412,2318,tcp,50159,15636,1
2026-02-16T17:32:36.069Z,ESP8266_MALICIOUS,10.181.225.236,10.181.225.181,618,99976,2320,tcp,50120,34020,1
2026-02-16T17:32:38.099Z,ESP8266_MALICIOUS,10.181.225.236,10.181.225.181,436,68549,2323,tcp,57125,2987,1
2026-02-16T17:32:40.133Z,ESP8266_MALICIOUS,10.181.225.236,10.181.225.181,346,85232,2325,tcp,56252,2336,1
2026-02-16T17:32:42.166Z,ESP8266_MALICIOUS,10.181.225.236,10.181.225.181,472,77405,2327,tcp,55976,55776,1
2026-02-16T17:32:44.202Z,ESP8266_MALICIOUS,10.181.225.236,10.181.225.181,497,86728,2329,tcp,58862,6213,1
2026-02-16T17:32:46.246Z,ESP8266_MALICIOUS,10.181.225.236,10.181.225.181,901,94657,2331,tcp,64941,39534,1
2026-02-16T17:32:48.295Z,ESP8266_MALICIOUS,10.181.225.236,10.181.225.181,1392,99660,2333,tcp,63901,33532,1
2026-02-16T17:32:50.340Z,ESP8266_MALICIOUS,10.181.225.236,10.181.225.181,628,138390,2335,tcp,64042,55882,1
2026-02-16T17:32:52.377Z,ESP8266_MALICIOUS,10.181.225.236,10.181.225.181,635,66970,2337,tcp,52368,926,1
2026-02-16T17:32:54.424Z,ESP8266_MALICIOUS,10.181.225.236,10.181.225.181,605,110961,2339,tcp,54512,32118,1
2026-02-16T17:32:56.456Z,ESP8266_MALICIOUS,10.181.225.236,10.181.225.181,1113,116492,2341,tcp,60142,19425,1
2026-02-16T17:32:58.536Z,ESP8266_MALICIOUS,10.181.225.236,10.181.225.181,1496,89500,2343,tcp,52476,1429,1
2026-02-16T17:33:00.526Z,ESP8266_MALICIOUS,10.181.225.236,10.181.225.181,745,93714,2345,tcp,50317,49032,1
2026-02-16T17:33:02.577Z,ESP8266_MALICIOUS,10.181.225.236,10.181.225.181,680,50327,2347,tcp,63789,11112,1
2026-02-16T17:33:04.596Z,ESP8266_MALICIOUS,10.181.225.236,10.181.225.181,1300,96308,2349,tcp,55447,10658,1
2026-02-16T17:33:06.590Z,ESP8266_MALICIOUS,10.181.225.236,10.181.225.181,727,144380,2351,tcp,58989,11643,1
2026-02-16T17:33:08.626Z,ESP8266_MALICIOUS,10.181.225.236,10.181.225.181,149,2562,2353,tcp,2189,974,1
2026-02-16T17:33:10.655Z,ESP8266_MALICIOUS,10.181.225.236,10.181.225.181,202,3892,2355,tcp,27913,648,1
2026-02-16T17:33:12.692Z,ESP8266_MALICIOUS,10.181.225.236,10.181.225.181,124,3740,2357,tcp,29733,624,1
2026-02-16T17:33:14.734Z,ESP8266_MALICIOUS,10.181.225.236,10.181.225.181,173,1078,2359,tcp,17332,335,1
2026-02-16T17:33:16.803Z,ESP8266_MALICIOUS,10.181.225.236,10.181.225.181,164,3199,2361,tcp,4086,970,1
2026-02-16T17:33:18.792Z,ESP8266_MALICIOUS,10.181.225.236,10.181.225.181,250,2955,2363,tcp,49827,51,1
2026-02-16T17:33:20.826Z,ESP8266_MALICIOUS,10.181.225.236,10.181.225.181,191,2397,2365,tcp,49776,938,1
2026-02-16T17:33:22.866Z,ESP8266_MALICIOUS,10.181.225.236,10.181.225.181,218,1779,2367,tcp,36449,635,1
2026-02-16T17:33:24.970Z,ESP8266_MALICIOUS,10.181.225.236,10.181.225.181,174,4704,2369,tcp,27654,693,1
2026-02-16T17:33:26.935Z,ESP8266_MALICIOUS,10.181.225.236,10.181.225.181,222,3997,2371,tcp,59774,343,1
2026-02-16T17:33:29.250Z,ESP8266_MALICIOUS,10.181.225.236,10.181.225.181,1291,117898,2373,tcp,64228,21219,1
2026-02-16T17:33:30.930Z,ESP8266_MALICIOUS,10.181.225.236,10.181.225.181,964,130813,2375,tcp,57352,33807,1
2026-02-16T17:33:32.962Z,ESP8266_MALICIOUS,10.181.225.236,10.181.225.181,1901,169314,2377,tcp,54784,11771,1
2026-02-16T17:33:34.993Z,ESP8266_MALICIOUS,10.181.225.236,10.181.225.181,1577,186852,2379,tcp,59363,20724,1
2026-02-16T17:33:37.028Z,ESP8266_MALICIOUS,10.181.225.236,10.181.225.181,1095,191948,2381,tcp,62401,21265,1
2026-02-16T17:33:39.058Z,ESP8266_MALICIOUS,10.181.225.236,10.181.225.181,1843,155225,2383,tcp,59238,61924,1
2026-02-16T17:33:41.530Z,ESP8266_MALICIOUS,10.181.225.236,10.181.225.181,1721,123846,2386,tcp,50346,13652,1
2026-02-16T17:33:43.126Z,ESP8266_MALICIOUS,10.181.225.236,10.181.225.181,1690,189246,2388,tcp,63619,64153,1
2026-02-16T17:33:45.425Z,ESP8266_MALICIOUS,10.181.225.236,10.181.225.181,1612,80095,2390,tcp,60488,44090,1
2026-02-16T17:33:47.203Z,ESP8266_MALICIOUS,10.181.225.236,10.181.225.181,936,98100,2392,tcp,56859,24946,1
2026-02-16T17:33:49.239Z,ESP8266_MALICIOUS,10.181.225.236,10.181.225.181,475,66680,2394,tcp,52867,36884,1
2026-02-16T17:33:51.270Z,ESP8266_MALICIOUS,10.181.225.236,10.181.225.181,610,88428,2396,tcp,49685,19866,1
2026-02-16T17:33:53.305Z,ESP8266_MALICIOUS,10.181.225.236,10.181.225.181,749,97805,2398,tcp,61022,8856,1
2026-02-16T17:33:55.320Z,ESP8266_MALICIOUS,10.181.225.236,10.181.225.181,534,55030,2400,tcp,60200,39158,1
2026-02-16T17:40:14.361Z,ESP8266_MALICIOUS,10.181.225.236,10.181.225.181,1474,95004,2776,tcp,52284,45150,1
2026-02-16T17:40:14.583Z,ESP8266_MALICIOUS,10.181.225.236,10.181.225.181,1682,195188,2779,tcp,53453,26377,1
2026-02-16T17:40:16.558Z,ESP8266_MALICIOUS,10.181.225.236,10.181.225.181,256,65549,2781,tcp,65080,62836,1
2026-02-16T17:40:18.543Z,ESP8266_MALICIOUS,10.181.225.236,10.181.225.181,618,90094,2783,tcp,59075,20585,1
2026-02-16T17:40:20.572Z,ESP8266_MALICIOUS,10.181.225.236,10.181.225.181,676,33967,2785,tcp,50713,23513,1
2026-02-16T17:40:22.602Z,ESP8266_MALICIOUS,10.181.225.236,10.181.225.181,562,75815,2787,tcp,61875,12818,1
2026-02-16T17:40:24.629Z,ESP8266_MALICIOUS,10.181.225.236,10.181.225.181,386,73246,2789,tcp,49549,49303,1
2026-02-16T17:40:26.662Z,ESP8266_MALICIOUS,10.181.225.236,10.181.225.181,966,56886,2791,tcp,61347,4924,1
2026-02-16T17:40:28.701Z,ESP8266_MALICIOUS,10.181.225.236,10.181.225.181,743,30603,2793,tcp,51428,35294,1
2026-02-16T17:40:30.740Z,ESP8266_MALICIOUS,10.181.225.236,10.181.225.181,864,74170,2795,tcp,56764,40054,1
2026-02-16T17:40:32.773Z,ESP8266_MALICIOUS,10.181.225.236,10.181.225.181,425,26927,2797,tcp,63115,14193,1
2026-02-16T17:40:35.231Z,ESP8266_MALICIOUS,10.181.225.236,10.181.225.181,223,48298,2799,tcp,59317,59027,1
2026-02-16T17:40:36.814Z,ESP8266_MALICIOUS,10.181.225.236,10.181.225.181,635,109261,2801,tcp,53047,33762,1
2026-02-16T17:40:38.846Z,ESP8266_MALICIOUS,10.181.225.236,10.181.225.181,648,92526,2803,tcp,54817,45102,1
2026-02-16T17:40:40.910Z,ESP8266_MALICIOUS,10.181.225.236,10.181.225.181,760,54993,2805,tcp,54726,6721,1
2026-02-16T17:40:42.906Z,ESP8266_MALICIOUS,10.181.225.236,10.181.225.181,1214,61766,2807,tcp,50811,28340,1
2026-02-16T17:40:44.935Z,ESP8266_MALICIOUS,10.181.225.236,10.181.225.181,1056,131958,2809,tcp,51219,5723,1
2026-02-16T17:40:46.971Z,ESP8266_MALICIOUS,10.181.225.236,10.181.225.181,855,91210,2811,tcp,54763,61492,1
2026-02-16T17:40:49.003Z,ESP8266_MALICIOUS,10.181.225.236,10.181.225.181,1325,63630,2813,tcp,60134,33076,1
2026-02-16T17:40:51.031Z,ESP8266_MALICIOUS,10.181.225.236,10.181.225.181,582,63799,2815,tcp,51742,19908,1
2026-02-16T17:40:53.064Z,ESP8266_MALICIOUS,10.181.225.236,10.181.225.181,1027,148271,2818,tcp,56909,17221,1
2026-02-16T17:40:55.092Z,ESP8266_MALICIOUS,10.181.225.236,10.181.225.181,1128,50258,2820,tcp,50034,18358,1
2026-02-16T17:40:57.132Z,ESP8266_MALICIOUS,10.181.225.236,10.181.225.181,271,3975,2822,tcp,30460,984,1
2026-02-16T17:40:59.169Z,ESP8266_MALICIOUS,10.181.225.236,10.181.225.181,262,4028,2824,tcp,38382,182,1
2026-02-16T17:41:01.212Z,ESP8266_MALICIOUS,10.181.225.236,10.181.225.181,279,3814,2826,tcp,41053,678,1
2026-02-16T17:41:03.270Z,ESP8266_MALICIOUS,10.181.225.236,10.181.225.181,104,1767,2828,tcp,36264,549,1
2026-02-16T17:41:05.265Z,ESP8266_MALICIOUS,10.181.225.236,10.181.225.181,268,2452,2830,tcp,5250,237,1
2026-02-16T17:41:07.302Z,ESP8266_MALICIOUS,10.181.225.236,10.181.225.181,184,1763,2832,tcp,35919,925,1
2026-02-16T17:41:09.339Z,ESP8266_MALICIOUS,10.181.225.236,10.181.225.181,238,2295,2834,tcp,51449,966,1
2026-02-16T17:41:11.380Z,ESP8266_MALICIOUS,10.181.225.236,10.181.225.181,237,2440,2836,tcp,41986,883,1
2026-02-16T17:41:13.422Z,ESP8266_MALICIOUS,10.181.225.236,10.181.225.181,185,1056,2838,tcp,43307,750,1
2026-02-16T17:41:15.467Z,ESP8266_MALICIOUS,10.181.225.236,10.181.225.181,162,2595,2840,tcp,20681,589,1
2026-02-16T17:41:17.525Z,ESP8266_MALICIOUS,10.181.225.236,10.181.225.181,1650,115343,2842,tcp,54044,19595,1
2026-02-16T17:41:19.517Z,ESP8266_MALICIOUS,10.181.225.236,10.181.225.181,1692,169302,2844,tcp,56575,56156,1
2026-02-16T17:41:21.554Z,ESP8266_MALICIOUS,10.181.225.236,10.181.225.181,1248,149441,2846,tcp,58356,54502,1
2026-02-16T17:41:23.584Z,ESP8266_MALICIOUS,10.181.225.236,10.181.225.181,1138,147995,2848,tcp,60187,42951,1
2026-02-16T17:41:25.613Z,ESP8266_MALICIOUS,10.181.225.236,10.181.225.181,1008,98100,2850,tcp,59112,32902,1
2026-02-16T17:41:27.648Z,ESP8266_MALICIOUS,10.181.225.236,10.181.225.181,848,163054,2852,tcp,58081,23622,1
2026-02-16T17:41:29.686Z,ESP8266_MALICIOUS,10.181.225.236,10.181.225.181,1124,95207,2854,tcp,50256,59349,1
2026-02-16T17:41:31.718Z,ESP8266_MALICIOUS,10.181.225.236,10.181.225.181,1199,113422,2856,tcp,57396,33422,1
2026-02-16T17:41:33.756Z,ESP8266_MALICIOUS,10.181.225.236,10.181.225.181,1239,150704,2858,tcp,63009,62571,1
2026-02-16T17:41:35.798Z,ESP8266_MALICIOUS,10.181.225.236,10.181.225.181,1635,185506,2860,tcp,57155,35250,1
2026-02-16T17:41:37.834Z,ESP8266_MALICIOUS,10.181.225.236,10.181.225.181,214,24727,2862,tcp,56383,61466,1
2026-02-16T17:41:39.876Z,ESP8266_MALICIOUS,10.181.225.236,10.181.225.181,619,53710,2864,tcp,62349,55430,1
2026-02-16T17:41:41.916Z,ESP8266_MALICIOUS,10.181.225.236,10.181.225.181,485,30898,2866,tcp,55789,61237,1
2026-02-16T17:41:43.954Z,ESP8266_MALICIOUS,10.181.225.236,10.181.225.181,445,86318,2868,tcp,50255,1520,1
2026-02-16T17:41:45.995Z,ESP8266_MALICIOUS,10.181.225.236,10.181.225.181,295,49939,2870,tcp,51124,10512,1
2026-02-16T17:41:48.042Z,ESP8266_MALICIOUS,10.181.225.236,10.181.225.181,787,44936,2872,tcp,57388,57325,1
2026-02-16T17:41:50.101Z,ESP8266_MALICIOUS,10.181.225.236,10.181.225.181,585,94097,2875,tcp,49751,90,1
2026-02-16T17:41:52.101Z,ESP8266_MALICIOUS,10.181.225.236,10.181.225.181,621,94414,2877,tcp,55280,47877,1
2026-02-16T17:41:54.143Z,ESP8266_MALICIOUS,10.181.225.236,10.181.225.181,709,48361,2879,tcp,57746,29485,1
2026-02-16T17:41:56.185Z,ESP8266_MALICIOUS,10.181.225.236,10.181.225.181,337,48747,2881,tcp,65262,1153,1
2026-02-16T17:41:58.231Z,ESP8266_MALICIOUS,10.181.225.236,10.181.225.181,1336,133240,2883,tcp,50774,38764,1
2026-02-16T17:42:00.279Z,ESP8266_MALICIOUS,10.181.225.236,10.181.225.181,1005,142638,2885,tcp,59587,1267,1
2026-02-16T17:42:02.321Z,ESP8266_MALICIOUS,10.181.225.236,10.181.225.181,898,55199,2887,tcp,61028,11603,1
2026-02-16T17:42:04.357Z,ESP8266_MALICIOUS,10.181.225.236,10.181.225.181,1060,140646,2889,tcp,65177,4198,1
2026-02-16T17:42:06.398Z,ESP8266_MALICIOUS,10.181.225.236,10.181.225.181,642,135526,2891,tcp,52953,34445,1
2026-02-16T17:42:08.461Z,ESP8266_MALICIOUS,10.181.225.236,10.181.225.181,1481,98941,2893,tcp,56912,34544,1
2026-02-16T17:42:10.450Z,ESP8266_MALICIOUS,10.181.225.236,10.181.225.181,1317,69375,2895,tcp,49607,56750,1
2026-02-16T17:42:12.481Z,ESP8266_MALICIOUS,10.181.225.236,10.181.225.181,1214,139040,2897,tcp,58435,22909,1
2026-02-16T17:42:14.511Z,ESP8266_MALICIOUS,10.181.225.236,10.181.225.181,861,147631,2899,tcp,57548,42875,1
2026-02-16T17:42:16.550Z,ESP8266_MALICIOUS,10.181.225.236,10.181.225.181,1462,89664,2901,tcp,60498,39870,1
2026-02-16T17:42:18.587Z,ESP8266_MALICIOUS,10.181.225.236,10.181.225.181,289,4666,2903,tcp,39886,783,1
2026-02-16T17:42:20.628Z,ESP8266_MALICIOUS,10.181.225.236,10.181.225.181,200,4093,2905,tcp,64429,1015,1
2026-02-16T17:42:22.682Z,ESP8266_MALICIOUS,10.181.225.236,10.181.225.181,281,1768,2907,tcp,12980,144,1
2026-02-16T17:42:24.673Z,ESP8266_MALICIOUS,10.181.225.236,10.181.225.181,173,3403,2909,tcp,13844,865,1
2026-02-16T17:42:26.731Z,ESP8266_MALICIOUS,10.181.225.236,10.181.225.181,193,3258,2911,tcp,11208,687,1
2026-02-16T17:42:28.737Z,ESP8266_MALICIOUS,10.181.225.236,10.181.225.181,141,3808,2913,tcp,39528,852,1
2026-02-16T17:42:30.766Z,ESP8266_MALICIOUS,10.181.225.236,10.181.225.181,101,2893,2915,tcp,63344,3,1
2026-02-16T17:42:32.831Z,ESP8266_MALICIOUS,10.181.225.236,10.181.225.181,262,4750,2917,tcp,55498,807,1
2026-02-16T17:42:34.832Z,ESP8266_MALICIOUS,10.181.225.236,10.181.225.181,213,4527,2919,tcp,19153,759,1
2026-02-16T17:42:36.854Z,ESP8266_MALICIOUS,10.181.225.236,10.181.225.181,178,3864,2921,tcp,12053,77,1
2026-02-16T17:42:38.841Z,ESP8266_MALICIOUS,10.181.225.236,10.181.225.181,1458,123931,2923,tcp,49174,35902,1
2026-02-16T17:42:40.883Z,ESP8266_MALICIOUS,10.181.225.236,10.181.225.181,1279,120833,2925,tcp,55580,39179,1
2026-02-16T17:42:42.925Z,ESP8266_MALICIOUS,10.181.225.236,10.181.225.181,965,155415,2927,tcp,51765,49431,1
2026-02-16T17:42:44.967Z,ESP8266_MALICIOUS,10.181.225.236,10.181.225.181,1433,148910,2929,tcp,52300,22806,1
2026-02-16T17:42:47.017Z,ESP8266_MALICIOUS,10.181.225.236,10.181.225.181,1111,140052,2931,tcp,58676,31278,1
2026-02-16T17:42:49.064Z,ESP8266_MALICIOUS,10.181.225.236,10.181.225.181,997,143089,2934,tcp,54105,55929,1
2026-02-16T17:42:51.116Z,ESP8266_MALICIOUS,10.181.225.236,10.181.225.181,804,82130,2936,tcp,58572,34352,1
2026-02-16T17:42:53.111Z,ESP8266_MALICIOUS,10.181.225.236,10.181.225.181,1110,182461,2938,tcp,54348,61005,1
2026-02-16T17:42:55.154Z,ESP8266_MALICIOUS,10.181.225.236,10.181.225.181,940,196952,2940,tcp,59325,10114,1
2026-02-16T17:42:57.199Z,ESP8266_MALICIOUS,10.181.225.236,10.181.225.181,834,127370,2942,tcp,50307,36685,1
2026-02-16T17:42:59.235Z,ESP8266_MALICIOUS,10.181.225.236,10.181.225.181,687,78890,2944,tcp,50846,35423,1
2026-02-16T17:43:01.270Z,ESP8266_MALICIOUS,10.181.225.236,10.181.225.181,385,55566,2946,tcp,56359,33213,1
2026-02-16T17:43:03.302Z,ESP8266_MALICIOUS,10.181.225.236,10.181.225.181,853,52722,2948,tcp,55531,37733,1
2026-02-16T17:43:05.341Z,ESP8266_MALICIOUS,10.181.225.236,10.181.225.181,307,29527,2950,tcp,53935,6451,1
2026-02-16T17:43:07.407Z,ESP8266_MALICIOUS,10.181.225.236,10.181.225.181,247,21589,2952,tcp,56738,35792,1
2026-02-16T17:43:09.406Z,ESP8266_MALICIOUS,10.181.225.236,10.181.225.181,225,29905,2954,tcp,50167,2316,1
2026-02-16T17:43:11.401Z,ESP8266_MALICIOUS,10.181.225.236,10.181.225.181,855,68695,2956,tcp,55441,38558,1
2026-02-16T17:43:13.485Z,ESP8266_MALICIOUS,10.181.225.236,10.181.225.181,736,23787,2958,tcp,64240,25581,1
2026-02-16T17:43:15.792Z,ESP8266_MALICIOUS,10.181.225.236,10.181.225.181,258,44873,2960,tcp,55082,6513,1
2026-02-16T17:43:17.477Z,ESP8266_MALICIOUS,10.181.225.236,10.181.225.181,893,71199,2962,tcp,56640,44623,1
2026-02-16T17:43:19.513Z,ESP8266_MALICIOUS,10.181.225.236,10.181.225.181,1257,148765,2964,tcp,49783,59053,1
2026-02-16T17:43:21.549Z,ESP8266_MALICIOUS,10.181.225.236,10.181.225.181,589,120105,2966,tcp,52560,51068,1
2026-02-16T17:43:23.591Z,ESP8266_MALICIOUS,10.181.225.236,10.181.225.181,626,129071,2968,tcp,63285,55941,1
2026-02-16T17:43:25.622Z,ESP8266_MALICIOUS,10.181.225.236,10.181.225.181,1405,123939,2970,tcp,55037,50263,1
2026-02-16T17:43:27.665Z,ESP8266_MALICIOUS,10.181.225.236,10.181.225.181,1170,97975,2972,tcp,50873,41304,1
2026-02-16T17:43:29.699Z,ESP8266_MALICIOUS,10.181.225.236,10.181.225.181,1434,73899,2974,tcp,49446,28533,1
2026-02-16T17:44:47.582Z,ESP8266_MALICIOUS,10.181.225.236,10.181.225.181,1711,127531,3052,tcp,53495,5814,1
2026-02-16T17:44:49.623Z,ESP8266_MALICIOUS,10.181.225.236,10.181.225.181,908,199368,3054,tcp,51567,39089,1
2026-02-16T17:44:51.662Z,ESP8266_MALICIOUS,10.181.225.236,10.181.225.181,1142,195665,3056,tcp,54285,24719,1
2026-02-16T17:44:53.732Z,ESP8266_MALICIOUS,10.181.225.236,10.181.225.181,1174,186160,3058,tcp,62111,53804,1
2026-02-16T17:44:55.752Z,ESP8266_MALICIOUS,10.181.225.236,10.181.225.181,1710,97684,3060,tcp,59564,24705,1
2026-02-16T17:44:57.745Z,ESP8266_MALICIOUS,10.181.225.236,10.181.225.181,1639,156243,3062,tcp,61263,11949,1
2026-02-16T17:44:59.801Z,ESP8266_MALICIOUS,10.181.225.236,10.181.225.181,1570,164058,3064,tcp,60979,39807,1
2026-02-16T17:45:01.787Z,ESP8266_MALICIOUS,10.181.225.236,10.181.225.181,1641,135270,3066,tcp,54127,21124,1
2026-02-16T17:45:03.858Z,ESP8266_MALICIOUS,10.181.225.236,10.181.225.181,1383,154884,3068,tcp,52532,59219,1
2026-02-16T17:45:05.848Z,ESP8266_MALICIOUS,10.181.225.236,10.181.225.181,246,46587,3070,tcp,64040,19361,1
2026-02-16T17:45:07.894Z,ESP8266_MALICIOUS,10.181.225.236,10.181.225.181,654,37766,3072,tcp,50279,54422,1
2026-02-16T17:45:09.959Z,ESP8266_MALICIOUS,10.181.225.236,10.181.225.181,389,78924,3074,tcp,65448,12086,1
2026-02-16T17:45:11.945Z,ESP8266_MALICIOUS,10.181.225.236,10.181.225.181,583,70765,3076,tcp,54114,18841,1
2026-02-16T17:45:13.983Z,ESP8266_MALICIOUS,10.181.225.236,10.181.225.181,865,63864,3078,tcp,62375,32735,1
2026-02-16T17:45:16.014Z,ESP8266_MALICIOUS,10.181.225.236,10.181.225.181,390,29593,3080,tcp,52668,13478,1
2026-02-16T17:45:18.080Z,ESP8266_MALICIOUS,10.181.225.236,10.181.225.181,503,56382,3082,tcp,51775,59383,1
2026-02-16T17:45:20.114Z,ESP8266_MALICIOUS,10.181.225.236,10.181.225.181,704,38330,3085,tcp,52833,33795,1
2026-02-16T17:45:22.099Z,ESP8266_MALICIOUS,10.181.225.236,10.181.225.181,901,64072,3087,tcp,62263,32036,1
2026-02-16T17:45:24.132Z,ESP8266_MALICIOUS,10.181.225.236,10.181.225.181,676,65461,3089,tcp,57802,17056,1
2026-02-16T17:45:26.171Z,ESP8266_MALICIOUS,10.181.225.236,10.181.225.181,1410,98041,3091,tcp,52659,36973,1
2026-02-16T17:45:28.217Z,ESP8266_MALICIOUS,10.181.225.236,10.181.225.181,920,79891,3093,tcp,51378,27046,1
2026-02-16T17:45:30.262Z,ESP8266_MALICIOUS,10.181.225.236,10.181.225.181,1209,76159,3095,tcp,64533,12455,1
2026-02-16T17:45:32.333Z,ESP8266_MALICIOUS,10.181.225.236,10.181.225.181,1151,100171,3097,tcp,64128,20245,1
2026-02-16T17:45:34.326Z,ESP8266_MALICIOUS,10.181.225.236,10.181.225.181,1375,82810,3099,tcp,50194,827,1
2026-02-16T17:45:36.369Z,ESP8266_MALICIOUS,10.181.225.236,10.181.225.181,641,133445,3101,tcp,60967,13164,1
2026-02-16T17:45:38.401Z,ESP8266_MALICIOUS,10.181.225.236,10.181.225.181,962,101867,3103,tcp,53711,56020,1
2026-02-16T17:45:40.433Z,ESP8266_MALICIOUS,10.181.225.236,10.181.225.181,936,104222,3105,tcp,49983,41675,1
2026-02-16T17:45:42.474Z,ESP8266_MALICIOUS,10.181.225.236,10.181.225.181,1441,144019,3107,tcp,60654,22198,1
2026-02-16T17:45:44.514Z,ESP8266_MALICIOUS,10.181.225.236,10.181.225.181,539,100312,3109,tcp,59299,49574,1
2026-02-16T17:45:46.557Z,ESP8266_MALICIOUS,10.181.225.236,10.181.225.181,132,3584,3111,tcp,56276,496,1
2026-02-16T17:45:48.598Z,ESP8266_MALICIOUS,10.181.225.236,10.181.225.181,137,1416,3113,tcp,27689,642,1
2026-02-16T17:45:50.634Z,ESP8266_MALICIOUS,10.181.225.236,10.181.225.181,290,4807,3115,tcp,40375,466,1
2026-02-16T17:45:52.669Z,ESP8266_MALICIOUS,10.181.225.236,10.181.225.181,197,2124,3117,tcp,17583,543,1
2026-02-16T17:45:54.706Z,ESP8266_MALICIOUS,10.181.225.236,10.181.225.181,145,2802,3119,tcp,25838,484,1
2026-02-16T17:45:56.792Z,ESP8266_MALICIOUS,10.181.225.236,10.181.225.181,267,3802,3121,tcp,15861,90,1
2026-02-16T17:45:58.783Z,ESP8266_MALICIOUS,10.181.225.236,10.181.225.181,170,3315,3123,tcp,59501,708,1
2026-02-16T17:46:00.798Z,ESP8266_MALICIOUS,10.181.225.236,10.181.225.181,136,2864,3125,tcp,22151,92,1
2026-02-16T17:46:02.853Z,ESP8266_MALICIOUS,10.181.225.236,10.181.225.181,232,1493,3127,tcp,38894,669,1
2026-02-16T17:46:04.844Z,ESP8266_MALICIOUS,10.181.225.236,10.181.225.181,208,2227,3129,tcp,40647,690,1
2026-02-16T17:46:06.891Z,ESP8266_MALICIOUS,10.181.225.236,10.181.225.181,1112,140386,3131,tcp,59959,515,1
2026-02-16T17:46:08.963Z,ESP8266_MALICIOUS,10.181.225.236,10.181.225.181,1192,112549,3133,tcp,61413,39724,1
2026-02-16T17:46:10.971Z,ESP8266_MALICIOUS,10.181.225.236,10.181.225.181,885,101745,3135,tcp,61358,50770,1
2026-02-16T17:46:12.975Z,ESP8266_MALICIOUS,10.181.225.236,10.181.225.181,819,98872,3137,tcp,51432,24982,1
2026-02-16T17:46:14.966Z,ESP8266_MALICIOUS,10.181.225.236,10.181.225.181,1712,82703,3139,tcp,62970,11294,1
2026-02-16T17:46:17.074Z,ESP8266_MALICIOUS,10.181.225.236,10.181.225.181,1518,177737,3141,tcp,54941,55373,1
2026-02-16T17:46:19.044Z,ESP8266_MALICIOUS,10.181.225.236,10.181.225.181,1988,186984,3143,tcp,62596,47122,1
2026-02-16T17:46:21.029Z,ESP8266_MALICIOUS,10.181.225.236,10.181.225.181,1296,128876,3145,tcp,63440,11899,1
2026-02-16T17:46:23.062Z,ESP8266_MALICIOUS,10.181.225.236,10.181.225.181,1743,166453,3148,tcp,63128,18247,1
2026-02-16T17:46:25.097Z,ESP8266_MALICIOUS,10.181.225.236,10.181.225.181,1348,122648,3150,tcp,61243,10728,1
2026-02-16T17:46:27.133Z,ESP8266_MALICIOUS,10.181.225.236,10.181.225.181,329,33695,3152,tcp,56273,4484,1
2026-02-16T17:46:29.160Z,ESP8266_MALICIOUS,10.181.225.236,10.181.225.181,804,73394,3154,tcp,56903,60280,1
2026-02-16T17:46:31.209Z,ESP8266_MALICIOUS,10.181.225.236,10.181.225.181,300,81284,3156,tcp,54430,26758,1
2026-02-16T17:46:33.198Z,ESP8266_MALICIOUS,10.181.225.236,10.181.225.181,862,89867,3158,tcp,52423,50969,1
2026-02-16T17:46:35.267Z,ESP8266_MALICIOUS,10.181.225.236,10.181.225.181,515,37047,3160,tcp,61882,59418,1
2026-02-16T17:46:37.277Z,ESP8266_MALICIOUS,10.181.225.236,10.181.225.181,298,71375,3162,tcp,65431,14933,1
2026-02-16T17:46:39.263Z,ESP8266_MALICIOUS,10.181.225.236,10.181.225.181,877,64860,3164,tcp,50985,3270,1
2026-02-16T17:46:41.331Z,ESP8266_MALICIOUS,10.181.225.236,10.181.225.181,801,55902,3166,tcp,65339,5098,1
2026-02-16T17:46:43.326Z,ESP8266_MALICIOUS,10.181.225.236,10.181.225.181,569,46925,3168,tcp,51558,35034,1
2026-02-16T17:46:45.377Z,ESP8266_MALICIOUS,10.181.225.236,10.181.225.181,200,20355,3170,tcp,64968,41433,1
2026-02-16T17:46:49.236Z,ESP8266_MALICIOUS,10.181.225.236,10.181.225.181,724,106208,3172,tcp,61353,51735,1
2026-02-16T17:46:49.829Z,ESP8266_MALICIOUS,10.181.225.236,10.181.225.181,696,115736,3174,tcp,62279,10109,1
2026-02-16T17:46:51.467Z,ESP8266_MALICIOUS,10.181.225.236,10.181.225.181,1352,99208,3176,tcp,49564,36502,1
2026-02-16T17:46:53.546Z,ESP8266_MALICIOUS,10.181.225.236,10.181.225.181,1175,59715,3178,tcp,56473,29736,1
2026-02-16T17:46:56.341Z,ESP8266_MALICIOUS,10.181.225.236,10.181.225.181,756,114217,3180,tcp,58780,50951,1
2026-02-16T17:46:57.580Z,ESP8266_MALICIOUS,10.181.225.236,10.181.225.181,960,101355,3182,tcp,51891,47027,1
2026-02-16T17:49:42.673Z,ESP8266_MALICIOUS,10.181.225.236,10.181.225.181,742,94600,3346,tcp,57741,29206,1
2026-02-16T17:49:43.870Z,ESP8266_MALICIOUS,10.181.225.236,10.181.225.181,990,26317,3348,tcp,58939,42148,1
2026-02-16T17:49:48.182Z,ESP8266_MALICIOUS,10.181.225.236,10.181.225.181,905,60623,3351,tcp,59235,35558,1
2026-02-16T17:49:52.879Z,ESP8266_MALICIOUS,10.181.225.236,10.181.225.181,1153,97413,3357,tcp,58682,13576,1
2026-02-16T17:49:55.379Z,ESP8266_MALICIOUS,10.181.225.236,10.181.225.181,546,139404,3359,tcp,64960,6665,1
2026-02-16T17:49:56.824Z,ESP8266_MALICIOUS,10.181.225.236,10.181.225.181,836,89666,3361,tcp,65404,23938,1
2026-02-16T17:49:58.859Z,ESP8266_MALICIOUS,10.181.225.236,10.181.225.181,1296,121586,3363,tcp,52705,44346,1
2026-02-16T17:50:01.153Z,ESP8266_MALICIOUS,10.181.225.236,10.181.225.181,930,124759,3365,tcp,54572,12143,1
2026-02-16T17:50:02.913Z,ESP8266_MALICIOUS,10.181.225.236,10.181.225.181,1342,61298,3367,tcp,62827,25588,1
2026-02-16T17:50:04.942Z,ESP8266_MALICIOUS,10.181.225.236,10.181.225.181,1223,88484,3369,tcp,64946,22665,1
2026-02-16T17:50:06.973Z,ESP8266_MALICIOUS,10.181.225.236,10.181.225.181,1412,117661,3371,tcp,54421,58885,1
2026-02-16T17:50:09.005Z,ESP8266_MALICIOUS,10.181.225.236,10.181.225.181,794,142781,3373,tcp,49354,51893,1
2026-02-16T17:50:11.038Z,ESP8266_MALICIOUS,10.181.225.236,10.181.225.181,260,3923,3375,tcp,1591,595,1
2026-02-16T17:50:13.075Z,ESP8266_MALICIOUS,10.181.225.236,10.181.225.181,126,1122,3378,tcp,22415,807,1
2026-02-16T17:50:15.108Z,ESP8266_MALICIOUS,10.181.225.236,10.181.225.181,261,4930,3380,tcp,41867,56,1
2026-02-16T17:50:17.141Z,ESP8266_MALICIOUS,10.181.225.236,10.181.225.181,163,3975,3382,tcp,54195,163,1
2026-02-16T17:50:19.179Z,ESP8266_MALICIOUS,10.181.225.236,10.181.225.181,182,1643,3384,tcp,60970,614,1
2026-02-16T17:50:21.211Z,ESP8266_MALICIOUS,10.181.225.236,10.181.225.181,220,2092,3386,tcp,25953,992,1
2026-02-16T17:50:23.249Z,ESP8266_MALICIOUS,10.181.225.236,10.181.225.181,122,2339,3388,tcp,36053,683,1
2026-02-16T17:50:25.281Z,ESP8266_MALICIOUS,10.181.225.236,10.181.225.181,164,4305,3390,tcp,24265,603,1
2026-02-16T17:50:27.312Z,ESP8266_MALICIOUS,10.181.225.236,10.181.225.181,152,4652,3392,tcp,23448,310,1
2026-02-16T17:50:29.348Z,ESP8266_MALICIOUS,10.181.225.236,10.181.225.181,214,1770,3394,tcp,58532,7,1
2026-02-16T17:50:31.401Z,ESP8266_MALICIOUS,10.181.225.236,10.181.225.181,1967,156658,3396,tcp,64327,1376,1
2026-02-16T17:50:33.443Z,ESP8266_MALICIOUS,10.181.225.236,10.181.225.181,831,171841,3398,tcp,49503,42335,1
2026-02-16T17:50:35.479Z,ESP8266_MALICIOUS,10.181.225.236,10.181.225.181,1684,81111,3400,tcp,64298,52710,1
2026-02-16T17:50:37.531Z,ESP8266_MALICIOUS,10.181.225.236,10.181.225.181,1026,162427,3402,tcp,62468,29002,1
2026-02-16T17:50:39.525Z,ESP8266_MALICIOUS,10.181.225.236,10.181.225.181,1947,114815,3404,tcp,63207,65287,1
2026-02-16T17:50:41.568Z,ESP8266_MALICIOUS,10.181.225.236,10.181.225.181,1617,115706,3406,tcp,59816,24985,1
2026-02-16T17:50:43.607Z,ESP8266_MALICIOUS,10.181.225.236,10.181.225.181,1486,86625,3408,tcp,63114,36668,1
2026-02-16T17:50:45.678Z,ESP8266_MALICIOUS,10.181.225.236,10.181.225.181,1950,128141,3410,tcp,63909,56911,1
2026-02-16T17:50:47.662Z,ESP8266_MALICIOUS,10.181.225.236,10.181.225.181,1946,198852,3412,tcp,52130,44369,1
2026-02-16T17:50:50.276Z,ESP8266_MALICIOUS,10.181.225.236,10.181.225.181,1861,154324,3414,tcp,63200,43866,1
2026-02-16T17:50:51.750Z,ESP8266_MALICIOUS,10.181.225.236,10.181.225.181,353,35965,3416,tcp,60438,60948,1
2026-02-16T17:50:53.786Z,ESP8266_MALICIOUS,10.181.225.236,10.181.225.181,958,30256,3418,tcp,58650,20770,1
2026-02-16T17:50:55.866Z,ESP8266_MALICIOUS,10.181.225.236,10.181.225.181,626,24671,3420,tcp,62824,37947,1
2026-02-16T17:50:57.824Z,ESP8266_MALICIOUS,10.181.225.236,10.181.225.181,578,89263,3422,tcp,54953,17182,1
2026-02-16T17:50:59.861Z,ESP8266_MALICIOUS,10.181.225.236,10.181.225.181,421,47586,3424,tcp,50769,17574,1
2026-02-16T17:51:02.001Z,ESP8266_MALICIOUS,10.181.225.236,10.181.225.181,521,65651,3426,tcp,52672,7922,1
2026-02-16T17:51:03.909Z,ESP8266_MALICIOUS,10.181.225.236,10.181.225.181,640,43099,3428,tcp,53543,21103,1
2026-02-16T17:51:06.301Z,ESP8266_MALICIOUS,10.181.225.236,10.181.225.181,582,71744,3430,tcp,53655,1130,1
2026-02-16T17:51:07.987Z,ESP8266_MALICIOUS,10.181.225.236,10.181.225.181,221,72033,3432,tcp,61975,62764,1
2026-02-16T17:51:10.021Z,ESP8266_MALICIOUS,10.181.225.236,10.181.225.181,532,36067,3434,tcp,60012,44547,1
2026-02-16T17:51:12.060Z,ESP8266_MALICIOUS,10.181.225.236,10.181.225.181,757,100192,3437,tcp,51468,24258,1
2026-02-16T17:51:14.098Z,ESP8266_MALICIOUS,10.181.225.236,10.181.225.181,553,57777,3439,tcp,59359,64301,1
2026-02-16T17:51:16.110Z,ESP8266_MALICIOUS,10.181.225.236,10.181.225.181,795,138592,3441,tcp,65293,21900,1
2026-02-16T17:51:18.149Z,ESP8266_MALICIOUS,10.181.225.236,10.181.225.181,1137,131247,3443,tcp,62420,28071,1
2026-02-16T17:51:20.189Z,ESP8266_MALICIOUS,10.181.225.236,10.181.225.181,815,83016,3445,tcp,64369,6583,1
2026-02-16T17:51:22.227Z,ESP8266_MALICIOUS,10.181.225.236,10.181.225.181,948,131264,3447,tcp,63948,58217,1
2026-02-16T17:51:24.277Z,ESP8266_MALICIOUS,10.181.225.236,10.181.225.181,883,95155,3449,tcp,60994,19577,1
2026-02-16T17:51:26.258Z,ESP8266_MALICIOUS,10.181.225.236,10.181.225.181,1281,106769,3451,tcp,60385,26619,1
2026-02-16T17:51:28.290Z,ESP8266_MALICIOUS,10.181.225.236,10.181.225.181,1340,79507,3453,tcp,58587,25676,1
2026-02-16T17:51:30.325Z,ESP8266_MALICIOUS,10.181.225.236,10.181.225.181,1062,100483,3455,tcp,59163,59097,1
2026-02-16T17:51:32.360Z,ESP8266_MALICIOUS,10.181.225.236,10.181.225.181,296,2895,3457,tcp,54221,478,1
2026-02-16T17:51:34.398Z,ESP8266_MALICIOUS,10.181.225.236,10.181.225.181,121,3828,3459,tcp,27587,937,1
2026-02-16T17:51:36.428Z,ESP8266_MALICIOUS,10.181.225.236,10.181.225.181,141,2759,3461,tcp,42490,298,1
2026-02-16T17:51:38.467Z,ESP8266_MALICIOUS,10.181.225.236,10.181.225.181,240,2567,3463,tcp,60530,829,1
2026-02-16T17:51:40.510Z,ESP8266_MALICIOUS,10.181.225.236,10.181.225.181,189,4284,3465,tcp,44114,644,1
2026-02-16T17:51:42.595Z,ESP8266_MALICIOUS,10.181.225.236,10.181.225.181,211,3871,3467,tcp,49990,755,1
2026-02-16T17:51:44.557Z,ESP8266_MALICIOUS,10.181.225.236,10.181.225.181,283,4539,3469,tcp,62301,538,1
2026-02-16T17:51:46.594Z,ESP8266_MALICIOUS,10.181.225.236,10.181.225.181,163,4874,3471,tcp,39307,819,1
2026-02-16T17:51:48.628Z,ESP8266_MALICIOUS,10.181.225.236,10.181.225.181,170,3787,3473,tcp,30932,264,1
2026-02-16T17:51:50.660Z,ESP8266_MALICIOUS,10.181.225.236,10.181.225.181,150,3176,3475,tcp,38800,776,1
2026-02-16T17:51:52.698Z,ESP8266_MALICIOUS,10.181.225.236,10.181.225.181,870,136245,3477,tcp,64644,33905,1
2026-02-16T17:51:54.734Z,ESP8266_MALICIOUS,10.181.225.236,10.181.225.181,1308,142141,3479,tcp,53559,16140,1
2026-02-16T17:51:56.769Z,ESP8266_MALICIOUS,10.181.225.236,10.181.225.181,1269,100428,3481,tcp,58378,34165,1
2026-02-16T17:51:58.806Z,ESP8266_MALICIOUS,10.181.225.236,10.181.225.181,1393,159349,3483,tcp,63186,32845,1
2026-02-16T17:52:00.838Z,ESP8266_MALICIOUS,10.181.225.236,10.181.225.181,1956,111667,3485,tcp,55281,29546,1
2026-02-16T17:52:02.870Z,ESP8266_MALICIOUS,10.181.225.236,10.181.225.181,1864,151159,3487,tcp,53273,14766,1
2026-02-16T17:52:04.955Z,ESP8266_MALICIOUS,10.181.225.236,10.181.225.181,1448,143338,3489,tcp,64169,9487,1
2026-02-16T17:52:06.943Z,ESP8266_MALICIOUS,10.181.225.236,10.181.225.181,1558,120263,3491,tcp,59387,2995,1
2026-02-16T17:52:08.990Z,ESP8266_MALICIOUS,10.181.225.236,10.181.225.181,951,99545,3493,tcp,65505,49011,1
2026-02-16T17:54:50.341Z,ESP8266_NORMAL,10.181.225.236,10.181.225.181,11,4338,0,tcp,64590,80,0
2026-02-16T17:54:55.383Z,ESP8266_NORMAL,10.181.225.236,10.181.225.181,32,1677,5,tcp,57844,80,0
2026-02-16T17:55:00.412Z,ESP8266_NORMAL,10.181.225.236,10.181.225.181,41,835,10,tcp,52818,80,0
2026-02-16T17:55:05.444Z,ESP8266_NORMAL,10.181.225.236,10.181.225.181,25,2244,15,tcp,55689,80,0
2026-02-16T17:55:10.480Z,ESP8266_NORMAL,10.181.225.236,10.181.225.181,24,1401,20,tcp,57409,80,0
2026-02-16T17:55:15.513Z,ESP8266_NORMAL,10.181.225.236,10.181.225.181,30,1007,25,tcp,52134,80,0
2026-02-16T17:55:20.579Z,ESP8266_NORMAL,10.181.225.236,10.181.225.181,46,2409,30,tcp,57909,80,0
2026-02-16T17:55:25.633Z,ESP8266_NORMAL,10.181.225.236,10.181.225.181,10,3640,35,tcp,49733,80,0
2026-02-16T17:55:30.703Z,ESP8266_NORMAL,10.181.225.236,10.181.225.181,44,3285,40,tcp,49697,80,0
2026-02-16T17:55:35.738Z,ESP8266_NORMAL,10.181.225.236,10.181.225.181,36,2045,45,tcp,62306,80,0
2026-02-16T17:55:40.772Z,ESP8266_NORMAL,10.181.225.236,10.181.225.181,13,2946,50,tcp,51863,80,0
2026-02-16T17:55:45.815Z,ESP8266_NORMAL,10.181.225.236,10.181.225.181,34,3910,55,tcp,59313,80,0
