2026-02-16T15:35:14.974Z,ESP8266_NORMAL,10.181.225.236,10.181.225.181,21,2501,0,tcp,64223,80,0
2026-02-16T15:35:18.629Z,ESP8266_NORMAL,10.181.225.236,10.181.225.181,13,2573,5,tcp,61809,80,0
2026-02-16T15:35:23.699Z,ESP8266_NORMAL,10.181.225.236,10.181.225.181,38,1893,10,tcp,49827,80,0
2026-02-16T15:35:28.821Z,ESP8266_NORMAL,10.181.225.236,10.181.225.181,15,834,15,tcp,56794,80,0
2026-02-16T15:35:33.701Z,ESP8266_NORMAL,10.181.225.236,10.181.225.181,40,2071,20,tcp,52978,80,0
2026-02-16T15:35:38.952Z,ESP8266_NORMAL,10.181.225.236,10.181.225.181,42,4882,25,tcp,51369,80,0
2026-02-16T15:35:46.241Z,ESP8266_NORMAL,10.181.225.236,10.181.225.181,34,1758,30,tcp,58773,80,0
2026-02-16T15:41:55.071Z,ESP8266_NORMAL,10.181.225.236,10.181.225.181,33,4311,397,tcp,51112,80,0
2026-02-16T15:41:56.994Z,ESP8266_NORMAL,10.181.225.236,10.181.225.181,41,2246,402,tcp,49944,80,0
2026-02-16T15:42:01.321Z,ESP8266_NORMAL,10.181.225.236,10.181.225.181,41,3626,407,tcp,53463,80,0
2026-02-16T15:42:06.477Z,ESP8266_NORMAL,10.181.225.236,10.181.225.181,12,1398,412,tcp,49681,80,0
2026-02-16T15:42:11.414Z,ESP8266_NORMAL,10.181.225.236,10.181.225.181,43,627,417,tcp,53372,80,0
2026-02-16T15:42:16.481Z,ESP8266_NORMAL,10.181.225.236,10.181.225.181,24,3256,422,tcp,55408,80,0
2026-02-16T15:42:21.517Z,ESP8266_NORMAL,10.181.225.236,10.181.225.181,46,2636,428,tcp,59626,80,0
2026-02-16T15:42:38.832Z,ESP8266_NORMAL,10.181.225.236,10.181.225.181,48,1923,443,tcp,50823,80,0
2026-02-16T15:42:41.791Z,ESP8266_NORMAL,10.181.225.236,10.181.225.181,49,934,448,tcp,60692,80,0
2026-02-16T15:42:47.421Z,ESP8266_NORMAL,10.181.225.236,10.181.225.181,42,4510,453,tcp,57685,80,0
2026-02-16T15:42:52.554Z,ESP8266_NORMAL,10.181.225.236,10.181.225.181,16,4205,458,tcp,54766,80,0
2026-02-16T15:42:56.997Z,ESP8266_NORMAL,10.181.225.236,10.181.225.181,22,1703,463,tcp,54858,80,0
2026-02-16T15:43:02.805Z,ESP8266_NORMAL,10.181.225.236,10.181.225.181,25,4275,468,tcp,59400,80,0
2026-02-16T15:43:07.195Z,ESP8266_NORMAL,10.181.225.236,10.181.225.181,17,753,473,tcp,50531,80,0
2026-02-16T15:43:12.879Z,ESP8266_NORMAL,10.181.225.236,10.181.225.181,43,3743,478,tcp,51408,80,0
2026-02-16T15:43:17.169Z,ESP8266_NORMAL,10.181.225.236,10.181.225.181,47,4751,483,tcp,49461,80,0
2026-02-16T15:43:22.163Z,ESP8266_NORMAL,10.181.225.236,10.181.225.181,11,827,488,tcp,56190,80,0
2026-02-16T15:43:27.988Z,ESP8266_NORMAL,10.181.225.236,10.181.225.181,23,3122,493,tcp,64322,80,0
2026-02-16T15:43:32.217Z,ESP8266_NORMAL,10.181.225.236,10.181.225.181,32,4142,498,tcp,62567,80,0
2026-02-16T15:43:37.259Z,ESP8266_NORMAL,10.181.225.236,10.181.225.181,26,3949,503,tcp,52470,80,0
2026-02-16T15:43:43.595Z,ESP8266_NORMAL,10.181.225.236,10.181.225.181,23,4250,508,tcp,49654,80,0
2026-02-16T15:43:52.170Z,ESP8266_NORMAL,10.181.225.236,10.181.225.181,40,4224,513,tcp,51688,80,0
2026-02-16T15:45:12.514Z,ESP8266_NORMAL,10.181.225.236,10.181.225.181,23,3213,593,tcp,57207,80,0
2026-02-16T15:47:58.455Z,ESP8266_NORMAL,10.181.225.236,10.181.225.181,35,843,763,tcp,55322,80,0
2026-02-16T15:48:03.072Z,ESP8266_NORMAL,10.181.225.236,10.181.225.181,25,650,768,tcp,64127,80,0
2026-02-16T16:30:24.336Z,ESP8266_NORMAL,10.181.225.236,10.181.225.181,25,948,0,tcp,49681,80,0
2026-02-16T16:30:28.582Z,ESP8266_NORMAL,10.181.225.236,10.181.225.181,38,1158,5,tcp,53092,80,0
2026-02-16T16:30:33.651Z,ESP8266_NORMAL,10.181.225.236,10.181.225.181,23,2396,10,tcp,61734,80,0
2026-02-16T16:30:38.687Z,ESP8266_NORMAL,10.181.225.236,10.181.225.181,43,3639,15,tcp,53221,80,0
2026-02-16T16:31:00.863Z,ESP8266_NORMAL,10.181.225.236,10.181.225.181,26,3532,0,tcp,60627,80,0
2026-02-16T16:31:05.314Z,ESP8266_NORMAL,10.181.225.236,10.181.225.181,31,3931,5,tcp,60546,80,0
2026-02-16T16:31:10.382Z,ESP8266_NORMAL,10.181.225.236,10.181.225.181,37,985,10,tcp,56147,80,0
2026-02-16T16:31:15.414Z,ESP8266_NORMAL,10.181.225.236,10.181.225.181,41,3089,15,tcp,59511,80,0
2026-02-16T16:31:20.455Z,ESP8266_NORMAL,10.181.225.236,10.181.225.181,46,1175,20,tcp,50680,80,0
2026-02-16T16:31:25.501Z,ESP8266_NORMAL,10.181.225.236,10.181.225.181,42,4336,25,tcp,59863,80,0
2026-02-16T16:31:30.530Z,ESP8266_NORMAL,10.181.225.236,10.181.225.181,31,4172,30,tcp,59597,80,0
2026-02-16T16:31:35.593Z,ESP8266_NORMAL,10.181.225.236,10.181.225.181,27,4903,35,tcp,54723,80,0
2026-02-16T16:31:40.637Z,ESP8266_NORMAL,10.181.225.236,10.181.225.181,41,3829,40,tcp,50751,80,0
2026-02-16T16:31:45.672Z,ESP8266_NORMAL,10.181.225.236,10.181.225.181,11,1846,45,tcp,50262,80,0
2026-02-16T16:31:50.707Z,ESP8266_NORMAL,10.181.225.236,10.181.225.181,36,2551,50,tcp,61228,80,0
2026-02-16T16:31:55.762Z,ESP8266_NORMAL,10.181.225.236,10.181.225.181,29,2790,55,tcp,52182,80,0
2026-02-16T16:32:00.826Z,ESP8266_NORMAL,10.181.225.236,10.181.225.181,37,4809,60,tcp,59148,80,0
2026-02-16T16:32:05.859Z,ESP8266_NORMAL,10.181.225.236,10.181.225.181,16,4547,65,tcp,60399,80,0
2026-02-16T16:32:10.897Z,ESP8266_NORMAL,10.181.225.236,10.181.225.181,46,3740,70,tcp,63633,80,0
2026-02-16T16:32:15.932Z,ESP8266_NORMAL,10.181.225.236,10.181.225.181,22,4714,75,tcp,50647,80,0
2026-02-16T16:32:20.973Z,ESP8266_NORMAL,10.181.225.236,10.181.225.181,34,972,80,tcp,52188,80,0
2026-02-16T16:32:26.005Z,ESP8266_NORMAL,10.181.225.236,10.181.225.181,29,1970,85,tcp,56286,80,0
2026-02-16T16:32:31.037Z,ESP8266_NORMAL,10.181.225.236,10.181.225.181,49,4392,90,tcp,59471,80,0
2026-02-16T16:32:36.115Z,ESP8266_NORMAL,10.181.225.236,10.181.225.181,10,3538,95,tcp,54493,80,0
2026-02-16T16:32:41.187Z,ESP8266_NORMAL,10.181.225.236,10.181.225.181,18,3050,100,tcp,65161,80,0
2026-02-16T16:32:46.220Z,ESP8266_NORMAL,10.181.225.236,10.181.225.181,13,3034,106,tcp,53603,80,0
2026-02-16T16:32:51.275Z,ESP8266_NORMAL,10.181.225.236,10.181.225.181,16,1658,111,tcp,52003,80,0
2026-02-16T16:32:56.313Z,ESP8266_NORMAL,10.181.225.236,10.181.225.181,37,2828,116,tcp,61522,80,0
2026-02-16T16:33:01.346Z,ESP8266_NORMAL,10.181.225.236,10.181.225.181,38,773,121,tcp,50287,80,0
2026-02-16T16:33:06.380Z,ESP8266_NORMAL,10.181.225.236,10.181.225.181,30,4957,126,tcp,64165,80,0
2026-02-16T16:33:11.432Z,ESP8266_NORMAL,10.181.225.236,10.181.225.181,23,3575,131,tcp,52051,80,0
2026-02-16T16:33:16.513Z,ESP8266_NORMAL,10.181.225.236,10.181.225.181,49,4293,136,tcp,53464,80,0
2026-02-16T16:33:21.551Z,ESP8266_NORMAL,10.181.225.236,10.181.225.181,25,1372,141,tcp,61279,80,0
2026-02-16T16:33:26.595Z,ESP8266_NORMAL,10.181.225.236,10.181.225.181,10,3296,146,tcp,50822,80,0
2026-02-16T16:33:31.642Z,ESP8266_NORMAL,10.181.225.236,10.181.225.181,36,3863,151,tcp,49855,80,0
2026-02-16T16:33:36.677Z,ESP8266_NORMAL,10.181.225.236,10.181.225.181,15,2678,156,tcp,62224,80,0
2026-02-16T16:33:41.785Z,ESP8266_NORMAL,10.181.225.236,10.181.225.181,36,3247,161,tcp,59824,80,0
2026-02-16T16:34:05.432Z,ESP8266_NORMAL,10.181.225.236,10.181.225.181,15,3138,181,tcp,60950,80,0
2026-02-16T16:34:07.181Z,ESP8266_NORMAL,10.181.225.236,10.181.225.181,14,3164,186,tcp,60780,80,0
2026-02-16T16:34:12.255Z,ESP8266_NORMAL,10.181.225.236,10.181.225.181,14,3701,191,tcp,50676,80,0
2026-02-16T16:34:17.255Z,ESP8266_NORMAL,10.181.225.236,10.181.225.181,17,4451,197,tcp,62161,80,0
2026-02-16T16:34:22.204Z,ESP8266_NORMAL,10.181.225.236,10.181.225.181,25,4475,202,tcp,56331,80,0
2026-02-16T16:34:27.245Z,ESP8266_NORMAL,10.181.225.236,10.181.225.181,46,3737,207,tcp,60936,80,0
2026-02-16T16:34:32.285Z,ESP8266_NORMAL,10.181.225.236,10.181.225.181,31,4534,212,tcp,62282,80,0
2026-02-16T16:34:37.782Z,ESP8266_NORMAL,10.181.225.236,10.181.225.181,28,1696,217,tcp,56427,80,0
2026-02-16T16:37:09.200Z,ESP8266_NORMAL,10.181.225.72,10.181.225.181,40,4375,0,tcp,59796,80,0
2026-02-16T16:37:14.268Z,ESP8266_NORMAL,10.181.225.72,10.181.225.181,42,2579,5,tcp,63950,80,0
2026-02-16T16:37:19.243Z,ESP8266_NORMAL,10.181.225.72,10.181.225.181,46,2388,10,tcp,50667,80,0
2026-02-16T16:37:24.367Z,ESP8266_NORMAL,10.181.225.72,10.181.225.181,18,4214,15,tcp,53161,80,0
2026-02-16T16:37:29.327Z,ESP8266_NORMAL,10.181.225.72,10.181.225.181,25,4894,20,tcp,64467,80,0
2026-02-16T16:37:34.436Z,ESP8266_NORMAL,10.181.225.72,10.181.225.181,11,3074,25,tcp,62912,80,0
2026-02-16T16:37:39.414Z,ESP8266_NORMAL,10.181.225.72,10.181.225.181,38,1477,30,tcp,62931,80,0
2026-02-16T16:37:44.462Z,ESP8266_NORMAL,10.181.225.72,10.181.225.181,45,3824,35,tcp,63393,80,0
2026-02-16T16:37:49.505Z,ESP8266_NORMAL,10.181.225.72,10.181.225.181,19,4813,40,tcp,53715,80,0
2026-02-16T16:37:54.698Z,ESP8266_NORMAL,10.181.225.72,10.181.225.181,16,3548,45,tcp,52079,80,0
2026-02-16T16:37:59.582Z,ESP8266_NORMAL,10.181.225.72,10.181.225.181,27,751,50,tcp,63580,80,0
2026-02-16T16:38:04.648Z,ESP8266_NORMAL,10.181.225.72,10.181.225.181,23,4074,55,tcp,58804,80,0
2026-02-16T16:38:09.737Z,ESP8266_NORMAL,10.181.225.72,10.181.225.181,41,3306,60,tcp,62985,80,0
2026-02-16T16:38:14.779Z,ESP8266_NORMAL,10.181.225.72,10.181.225.181,31,802,65,tcp,49313,80,0
2026-02-16T16:38:19.812Z,ESP8266_NORMAL,10.181.225.72,10.181.225.181,20,4741,70,tcp,61396,80,0
2026-02-16T16:38:24.859Z,ESP8266_NORMAL,10.181.225.72,10.181.225.181,43,1376,75,tcp,65118,80,0
2026-02-16T16:38:29.978Z,ESP8266_NORMAL,10.181.225.72,10.181.225.181,16,2298,80,tcp,59818,80,0
2026-02-16T16:38:34.946Z,ESP8266_NORMAL,10.181.225.72,10.181.225.181,28,1456,85,tcp,50609,80,0
2026-02-16T16:38:39.986Z,ESP8266_NORMAL,10.181.225.72,10.181.225.181,38,2038,90,tcp,57685,80,0
2026-02-16T16:38:45.040Z,ESP8266_NORMAL,10.181.225.72,10.181.225.181,21,2484,95,tcp,53495,80,0
2026-02-16T16:38:50.076Z,ESP8266_NORMAL,10.181.225.72,10.181.225.181,15,4235,100,tcp,51967,80,0
2026-02-16T16:38:55.138Z,ESP8266_NORMAL,10.181.225.72,10.181.225.181,26,2557,105,tcp,55447,80,0
2026-02-16T16:39:00.256Z,ESP8266_NORMAL,10.181.225.72,10.181.225.181,13,1019,111,tcp,54164,80,0
2026-02-16T16:39:05.293Z,ESP8266_NORMAL,10.181.225.72,10.181.225.181,23,3621,116,tcp,57140,80,0
2026-02-16T16:39:10.363Z,ESP8266_NORMAL,10.181.225.72,10.181.225.181,26,2492,121,tcp,62132,80,0
2026-02-16T16:39:15.415Z,ESP8266_NORMAL,10.181.225.72,10.181.225.181,40,2030,126,tcp,52797,80,0
2026-02-16T16:39:21.774Z,ESP8266_NORMAL,10.181.225.72,10.181.225.181,14,3058,131,tcp,63184,80,0
2026-02-16T16:39:27.451Z,ESP8266_NORMAL,10.181.225.72,10.181.225.181,22,3357,136,tcp,64150,80,0
2026-02-16T16:39:30.865Z,ESP8266_NORMAL,10.181.225.72,10.181.225.181,36,4599,141,tcp,51863,80,0
2026-02-16T16:39:52.115Z,ESP8266_NORMAL,10.181.225.72,10.181.225.181,46,4923,161,tcp,57813,80,0
2026-02-16T16:39:57.310Z,ESP8266_NORMAL,10.181.225.72,10.181.225.181,13,4411,166,tcp,65286,80,0
2026-02-16T16:40:01.713Z,ESP8266_NORMAL,10.181.225.72,10.181.225.181,27,953,171,tcp,64968,80,0
2026-02-16T16:40:06.856Z,ESP8266_NORMAL,10.181.225.72,10.181.225.181,13,1880,176,tcp,55982,80,0
2026-02-16T16:40:12.045Z,ESP8266_NORMAL,10.181.225.72,10.181.225.181,17,4973,181,tcp,51291,80,0
2026-02-16T16:40:17.186Z,ESP8266_NORMAL,10.181.225.72,10.181.225.181,10,2155,186,tcp,52222,80,0
2026-02-16T16:40:25.039Z,ESP8266_NORMAL,10.181.225.72,10.181.225.181,19,2869,191,tcp,62002,80,0
2026-02-16T16:40:26.919Z,ESP8266_NORMAL,10.181.225.72,10.181.225.181,10,676,196,tcp,61708,80,0
2026-02-16T16:40:31.277Z,ESP8266_NORMAL,10.181.225.72,10.181.225.181,24,2655,201,tcp,57785,80,0
2026-02-16T16:40:36.598Z,ESP8266_NORMAL,10.181.225.72,10.181.225.181,47,1450,206,tcp,60586,80,0
2026-02-16T16:40:41.239Z,ESP8266_NORMAL,10.181.225.72,10.181.225.181,10,3232,211,tcp,63577,80,0
2026-02-16T16:41:56.207Z,ESP8266_NORMAL,10.181.225.72,10.181.225.181,28,2542,283,tcp,49169,80,0
2026-02-16T16:41:57.507Z,ESP8266_NORMAL,10.181.225.72,10.181.225.181,35,3598,288,tcp,65382,80,0
2026-02-16T16:42:02.596Z,ESP8266_NORMAL,10.181.225.72,10.181.225.181,46,4376,293,tcp,57368,80,0
2026-02-16T16:42:07.722Z,ESP8266_NORMAL,10.181.225.72,10.181.225.181,47,3300,298,tcp,52495,80,0
2026-02-16T16:42:12.682Z,ESP8266_NORMAL,10.181.225.72,10.181.225.181,38,4401,303,tcp,55959,80,0
2026-02-16T16:42:18.113Z,ESP8266_NORMAL,10.181.225.72,10.181.225.181,20,2994,308,tcp,61850,80,0
2026-02-16T16:42:22.894Z,ESP8266_NORMAL,10.181.225.72,10.181.225.181,12,1379,313,tcp,50120,80,0
2026-02-16T16:42:27.825Z,ESP8266_NORMAL,10.181.225.72,10.181.225.181,27,4619,318,tcp,64523,80,0
2026-02-16T16:42:32.897Z,ESP8266_NORMAL,10.181.225.72,10.181.225.181,28,3444,323,tcp,50619,80,0
2026-02-16T16:42:37.956Z,ESP8266_NORMAL,10.181.225.72,10.181.225.181,11,3919,328,tcp,62819,80,0
2026-02-16T16:42:42.993Z,ESP8266_NORMAL,10.181.225.72,10.181.225.181,28,4763,333,tcp,59938,80,0
2026-02-16T16:42:48.025Z,ESP8266_NORMAL,10.181.225.72,10.181.225.181,18,2416,338,tcp,63922,80,0
2026-02-16T16:42:53.056Z,ESP8266_NORMAL,10.181.225.72,10.181.225.181,41,517,343,tcp,50941,80,0
2026-02-16T16:42:58.093Z,ESP8266_NORMAL,10.181.225.72,10.181.225.181,29,4548,348,tcp,59800,80,0
2026-02-16T16:43:03.192Z,ESP8266_NORMAL,10.181.225.72,10.181.225.181,27,1378,354,tcp,65125,80,0
2026-02-16T16:43:08.138Z,ESP8266_NORMAL,10.181.225.72,10.181.225.181,27,4253,359,tcp,51630,80,0
2026-02-16T16:43:13.201Z,ESP8266_NORMAL,10.181.225.72,10.181.225.181,16,2118,364,tcp,52585,80,0
2026-02-16T16:43:18.241Z,ESP8266_NORMAL,10.181.225.72,10.181.225.181,37,3063,369,tcp,63858,80,0
2026-02-16T16:43:23.273Z,ESP8266_NORMAL,10.181.225.72,10.181.225.181,37,3332,374,tcp,63253,80,0
2026-02-16T16:43:28.318Z,ESP8266_NORMAL,10.181.225.72,10.181.225.181,42,3848,379,tcp,50105,80,0
2026-02-16T16:43:33.351Z,ESP8266_NORMAL,10.181.225.72,10.181.225.181,36,1948,384,tcp,53219,80,0
2026-02-16T16:43:38.390Z,ESP8266_NORMAL,10.181.225.72,10.181.225.181,22,2479,389,tcp,50174,80,0
2026-02-16T16:43:43.433Z,ESP8266_NORMAL,10.181.225.72,10.181.225.181,44,2623,394,tcp,54113,80,0
2026-02-16T16:43:48.523Z,ESP8266_NORMAL,10.181.225.72,10.181.225.181,38,2721,399,tcp,62500,80,0
2026-02-16T16:43:53.686Z,ESP8266_NORMAL,10.181.225.72,10.181.225.181,21,2719,404,tcp,63070,80,0
2026-02-16T16:43:58.662Z,ESP8266_NORMAL,10.181.225.72,10.181.225.181,45,1216,409,tcp,55834,80,0
2026-02-16T16:44:03.707Z,ESP8266_NORMAL,10.181.225.72,10.181.225.181,32,1311,414,tcp,63303,80,0
2026-02-16T16:44:08.774Z,ESP8266_NORMAL,10.181.225.72,10.181.225.181,15,1383,419,tcp,61602,80,0
2026-02-16T16:44:13.842Z,ESP8266_NORMAL,10.181.225.72,10.181.225.181,24,3160,424,tcp,62325,80,0
2026-02-16T16:44:18.879Z,ESP8266_NORMAL,10.181.225.72,10.181.225.181,15,644,429,tcp,55780,80,0
2026-02-16T16:44:23.941Z,ESP8266_NORMAL,10.181.225.72,10.181.225.181,23,3422,434,tcp,59464,80,0
2026-02-16T16:44:28.984Z,ESP8266_NORMAL,10.181.225.72,10.181.225.181,38,1207,439,tcp,58056,80,0
2026-02-16T16:44:34.029Z,ESP8266_NORMAL,10.181.225.72,10.181.225.181,30,4753,444,tcp,54992,80,0
2026-02-16T16:44:39.087Z,ESP8266_NORMAL,10.181.225.72,10.181.225.181,29,4935,449,tcp,62725,80,0
2026-02-16T16:48:19.036Z,ESP8266_NORMAL,10.181.225.236,10.181.225.181,15,992,0,tcp,49301,80,0
2026-02-16T16:48:25.372Z,ESP8266_NORMAL,10.181.225.236,10.181.225.181,13,2895,5,tcp,49221,80,0
2026-02-16T16:48:29.171Z,ESP8266_NORMAL,10.181.225.236,10.181.225.181,37,1949,10,tcp,61269,80,0
2026-02-16T16:48:34.304Z,ESP8266_NORMAL,10.181.225.236,10.181.225.181,47,2493,15,tcp,57762,80,0
2026-02-16T16:48:39.252Z,ESP8266_NORMAL,10.181.225.236,10.181.225.181,19,4549,20,tcp,58002,80,0
2026-02-16T16:48:44.285Z,ESP8266_NORMAL,10.181.225.236,10.181.225.181,42,4003,25,tcp,55933,80,0
2026-02-16T16:48:49.330Z,ESP8266_NORMAL,10.181.225.236,10.181.225.181,16,4509,30,tcp,55172,80,0
2026-02-16T16:48:54.374Z,ESP8266_NORMAL,10.181.225.236,10.181.225.181,33,780,35,tcp,65151,80,0
2026-02-16T16:48:59.435Z,ESP8266_NORMAL,10.181.225.236,10.181.225.181,34,4395,40,tcp,54447,80,0
2026-02-16T16:49:06.007Z,ESP8266_NORMAL,10.181.225.236,10.181.225.181,25,1969,45,tcp,61713,80,0
2026-02-16T16:49:11.207Z,ESP8266_NORMAL,10.181.225.236,10.181.225.181,26,3107,50,tcp,64957,80,0
2026-02-16T16:49:14.594Z,ESP8266_NORMAL,10.181.225.236,10.181.225.181,30,4982,55,tcp,55794,80,0
2026-02-16T16:49:21.061Z,ESP8266_NORMAL,10.181.225.236,10.181.225.181,13,3495,60,tcp,58888,80,0
2026-02-16T16:49:26.061Z,ESP8266_NORMAL,10.181.225.236,10.181.225.181,38,4608,65,tcp,52921,80,0
2026-02-16T16:49:29.780Z,ESP8266_NORMAL,10.181.225.236,10.181.225.181,16,2663,70,tcp,56597,80,0
2026-02-16T16:49:36.588Z,ESP8266_NORMAL,10.181.225.236,10.181.225.181,42,2254,75,tcp,55902,80,0
2026-02-16T16:49:40.827Z,ESP8266_NORMAL,10.181.225.236,10.181.225.181,22,2090,80,tcp,50675,80,0
2026-02-16T16:49:45.019Z,ESP8266_NORMAL,10.181.225.236,10.181.225.181,26,2641,85,tcp,52211,80,0
2026-02-16T16:49:51.233Z,ESP8266_NORMAL,10.181.225.236,10.181.225.181,22,1490,91,tcp,55195,80,0
2026-02-16T16:49:55.126Z,ESP8266_NORMAL,10.181.225.236,10.181.225.181,23,2178,96,tcp,59173,80,0
2026-02-16T16:50:00.964Z,ESP8266_NORMAL,10.181.225.236,10.181.225.181,15,2271,101,tcp,55869,80,0
2026-02-16T16:50:05.132Z,ESP8266_NORMAL,10.181.225.236,10.181.225.181,37,4143,106,tcp,61376,80,0
2026-02-16T16:50:11.643Z,ESP8266_NORMAL,10.181.225.236,10.181.225.181,10,3527,111,tcp,52387,80,0
2026-02-16T16:50:16.436Z,ESP8266_NORMAL,10.181.225.236,10.181.225.181,31,1188,116,tcp,55695,80,0
2026-02-16T16:50:20.271Z,ESP8266_NORMAL,10.181.225.236,10.181.225.181,30,1490,121,tcp,62913,80,0
2026-02-16T16:50:25.385Z,ESP8266_NORMAL,10.181.225.236,10.181.225.181,36,3466,126,tcp,63724,80,0
2026-02-16T16:50:30.332Z,ESP8266_NORMAL,10.181.225.236,10.181.225.181,42,1428,131,tcp,62946,80,0
2026-02-16T16:50:35.365Z,ESP8266_NORMAL,10.181.225.236,10.181.225.181,13,4818,136,tcp,61139,80,0
2026-02-16T16:50:40.396Z,ESP8266_NORMAL,10.181.225.236,10.181.225.181,18,3376,141,tcp,63384,80,0
2026-02-16T16:50:45.428Z,ESP8266_NORMAL,10.181.225.236,10.181.225.181,24,4378,146,tcp,57804,80,0
2026-02-16T16:50:50.464Z,ESP8266_NORMAL,10.181.225.236,10.181.225.181,29,4929,151,tcp,64770,80,0
2026-02-16T16:50:55.504Z,ESP8266_NORMAL,10.181.225.236,10.181.225.181,34,914,156,tcp,62950,80,0
2026-02-16T16:51:21.275Z,ESP8266_NORMAL,10.181.225.236,10.181.225.181,45,4163,0,tcp,53475,80,0
2026-02-16T16:51:25.607Z,ESP8266_NORMAL,10.181.225.236,10.181.225.181,49,1270,5,tcp,57717,80,0
2026-02-16T16:51:30.636Z,ESP8266_NORMAL,10.181.225.236,10.181.225.181,20,4116,10,tcp,53928,80,0
2026-02-16T16:51:35.670Z,ESP8266_NORMAL,10.181.225.236,10.181.225.181,49,2000,15,tcp,62371,80,0
2026-02-16T16:51:40.725Z,ESP8266_NORMAL,10.181.225.236,10.181.225.181,17,1456,20,tcp,59942,80,0
2026-02-16T16:51:45.790Z,ESP8266_NORMAL,10.181.225.236,10.181.225.181,12,3031,25,tcp,54013,80,0
2026-02-16T16:51:50.819Z,ESP8266_NORMAL,10.181.225.236,10.181.225.181,49,3925,30,tcp,57958,80,0
2026-02-16T16:51:55.864Z,ESP8266_NORMAL,10.181.225.236,10.181.225.181,27,3390,35,tcp,55092,80,0
2026-02-16T16:52:00.938Z,ESP8266_NORMAL,10.181.225.236,10.181.225.181,31,1530,40,tcp,60582,80,0
2026-02-16T16:52:06.002Z,ESP8266_NORMAL,10.181.225.236,10.181.225.181,14,2494,45,tcp,54980,80,0
2026-02-16T16:52:11.003Z,ESP8266_NORMAL,10.181.225.236,10.181.225.181,33,2139,50,tcp,60779,80,0
2026-02-16T16:52:16.037Z,ESP8266_NORMAL,10.181.225.236,10.181.225.181,16,1297,55,tcp,56350,80,0
2026-02-16T16:52:40.898Z,ESP8266_NORMAL,10.181.225.236,10.181.225.181,14,4969,75,tcp,57688,80,0
2026-02-16T16:52:41.471Z,ESP8266_NORMAL,10.181.225.236,10.181.225.181,22,1648,80,tcp,59531,80,0
2026-02-16T16:52:47.681Z,ESP8266_NORMAL,10.181.225.236,10.181.225.181,12,1847,85,tcp,59569,80,0
2026-02-16T16:52:52.586Z,ESP8266_NORMAL,10.181.225.236,10.181.225.181,34,4205,90,tcp,50715,80,0
2026-02-16T16:52:56.622Z,ESP8266_NORMAL,10.181.225.236,10.181.225.181,47,3561,96,tcp,57926,80,0
2026-02-16T16:53:03.180Z,ESP8266_NORMAL,10.181.225.236,10.181.225.181,11,927,101,tcp,64062,80,0
2026-02-16T16:53:08.420Z,ESP8266_NORMAL,10.181.225.236,10.181.225.181,39,669,106,tcp,53591,80,0
2026-02-16T16:53:13.922Z,ESP8266_NORMAL,10.181.225.236,10.181.225.181,14,666,111,tcp,49613,80,0
2026-02-16T16:53:16.895Z,ESP8266_NORMAL,10.181.225.236,10.181.225.181,40,4687,116,tcp,60434,80,0
2026-02-16T16:53:24.143Z,ESP8266_NORMAL,10.181.225.236,10.181.225.181,22,4847,121,tcp,62333,80,0
2026-02-16T16:53:27.725Z,ESP8266_NORMAL,10.181.225.236,10.181.225.181,48,1463,126,tcp,58215,80,0
2026-02-16T16:53:55.531Z,ESP8266_MALICIOUS,10.181.225.236,10.181.225.181,703,78835,0,tcp,57863,54408,1
2026-02-16T16:53:57.159Z,ESP8266_MALICIOUS,10.181.225.236,10.181.225.181,800,112883,2,tcp,63476,64233,1
2026-02-16T16:53:59.204Z,ESP8266_MALICIOUS,10.181.225.236,10.181.225.181,1003,142106,4,tcp,62453,46313,1
2026-02-16T16:54:01.285Z,ESP8266_MALICIOUS,10.181.225.236,10.181.225.181,1331,66863,6,tcp,57662,26032,1
2026-02-16T16:54:03.261Z,ESP8266_MALICIOUS,10.181.225.236,10.181.225.181,599,143751,8,tcp,63860,36571,1
2026-02-16T16:54:05.298Z,ESP8266_MALICIOUS,10.181.225.236,10.181.225.181,1104,62639,10,tcp,56251,3565,1
2026-02-16T16:54:07.709Z,ESP8266_MALICIOUS,10.181.225.236,10.181.225.181,701,78386,12,tcp,54855,24677,1
2026-02-16T16:54:09.342Z,ESP8266_MALICIOUS,10.181.225.236,10.181.225.181,621,130609,14,tcp,54237,6973,1
2026-02-16T16:54:11.380Z,ESP8266_MALICIOUS,10.181.225.236,10.181.225.181,988,144392,16,tcp,56927,53461,1
2026-02-16T16:54:13.441Z,ESP8266_MALICIOUS,10.181.225.236,10.181.225.181,163,4716,18,tcp,55300,283,1
2026-02-16T16:54:15.433Z,ESP8266_MALICIOUS,10.181.225.236,10.181.225.181,145,2011,20,tcp,10656,152,1
2026-02-16T16:54:17.473Z,ESP8266_MALICIOUS,10.181.225.236,10.181.225.181,183,4210,22,tcp,60378,79,1
2026-02-16T16:54:19.565Z,ESP8266_MALICIOUS,10.181.225.236,10.181.225.181,285,4414,24,tcp,27463,587,1
2026-02-16T16:54:21.549Z,ESP8266_MALICIOUS,10.181.225.236,10.181.225.181,239,4030,26,tcp,43757,283,1
2026-02-16T16:54:24.163Z,ESP8266_MALICIOUS,10.181.225.236,10.181.225.181,147,1274,28,tcp,31635,182,1
2026-02-16T16:54:27.851Z,ESP8266_MALICIOUS,10.181.225.236,10.181.225.181,181,2719,30,tcp,21697,761,1
2026-02-16T16:54:31.965Z,ESP8266_MALICIOUS,10.181.225.236,10.181.225.181,120,2116,35,tcp,35999,485,1
2026-02-16T16:54:35.299Z,ESP8266_MALICIOUS,10.181.225.236,10.181.225.181,199,1955,38,tcp,43995,380,1
2026-02-16T16:54:35.624Z,ESP8266_MALICIOUS,10.181.225.236,10.181.225.181,174,2961,40,tcp,34228,335,1
2026-02-16T16:54:37.658Z,ESP8266_MALICIOUS,10.181.225.236,10.181.225.181,1065,188600,42,tcp,60414,14776,1
2026-02-16T16:54:39.694Z,ESP8266_MALICIOUS,10.181.225.236,10.181.225.181,1713,169904,44,tcp,53296,18479,1
2026-02-16T16:54:43.436Z,ESP8266_MALICIOUS,10.181.225.236,10.181.225.181,1876,139375,46,tcp,51631,5801,1
2026-02-16T16:54:46.523Z,ESP8266_MALICIOUS,10.181.225.236,10.181.225.181,1986,181571,50,tcp,51933,26160,1
2026-02-16T16:54:48.303Z,ESP8266_MALICIOUS,10.181.225.236,10.181.225.181,1893,117557,52,tcp,62320,2457,1
2026-02-16T16:54:52.341Z,ESP8266_MALICIOUS,10.181.225.236,10.181.225.181,1602,137994,55,tcp,56665,44412,1
2026-02-16T16:54:55.030Z,ESP8266_MALICIOUS,10.181.225.236,10.181.225.181,1065,198520,58,tcp,60384,15658,1
2026-02-16T16:54:56.002Z,ESP8266_MALICIOUS,10.181.225.236,10.181.225.181,952,176806,60,tcp,53080,36097,1
2026-02-16T16:54:58.034Z,ESP8266_MALICIOUS,10.181.225.236,10.181.225.181,995,184242,62,tcp,50347,22204,1
2026-02-16T16:55:00.065Z,ESP8266_MALICIOUS,10.181.225.236,10.181.225.181,861,166325,64,tcp,59674,51781,1
2026-02-16T16:55:03.823Z,ESP8266_MALICIOUS,10.181.225.236,10.181.225.181,203,71978,66,tcp,57790,61018,1
2026-02-16T16:55:07.641Z,ESP8266_MALICIOUS,10.181.225.236,10.181.225.181,576,42238,70,tcp,61544,34826,1
2026-02-16T16:55:11.724Z,ESP8266_MALICIOUS,10.181.225.236,10.181.225.181,267,36792,74,tcp,64019,52320,1
2026-02-16T16:55:48.472Z,ESP8266_MALICIOUS,10.181.225.236,10.181.225.181,697,91333,108,tcp,64519,56987,1
2026-02-16T16:55:52.799Z,ESP8266_MALICIOUS,10.181.225.236,10.181.225.181,1456,99806,115,tcp,55794,15377,1
2026-02-16T16:55:52.898Z,ESP8266_MALICIOUS,10.181.225.236,10.181.225.181,1189,68837,117,tcp,62087,29302,1
2026-02-16T16:55:54.880Z,ESP8266_MALICIOUS,10.181.225.236,10.181.225.181,1010,116438,119,tcp,56678,24817,1
2026-02-16T16:55:58.539Z,ESP8266_MALICIOUS,10.181.225.236,10.181.225.181,881,104553,121,tcp,59334,38799,1
2026-02-16T16:56:02.458Z,ESP8266_MALICIOUS,10.181.225.236,10.181.225.181,646,61973,125,tcp,61518,27137,1
2026-02-16T16:56:02.576Z,ESP8266_MALICIOUS,10.181.225.236,10.181.225.181,1388,51215,127,tcp,49881,78,1
2026-02-16T16:56:04.619Z,ESP8266_MALICIOUS,10.181.225.236,10.181.225.181,1357,80110,129,tcp,60997,19544,1
2026-02-16T16:56:06.654Z,ESP8266_MALICIOUS,10.181.225.236,10.181.225.181,671,88318,131,tcp,64464,60178,1
2026-02-16T16:56:11.090Z,ESP8266_MALICIOUS,10.181.225.236,10.181.225.181,760,140409,133,tcp,61055,28880,1
2026-02-16T16:56:14.539Z,ESP8266_MALICIOUS,10.181.225.236,10.181.225.181,749,136385,138,tcp,63709,17321,1
2026-02-16T16:56:15.370Z,ESP8266_MALICIOUS,10.181.225.236,10.181.225.181,104,3263,140,tcp,12215,653,1
2026-02-16T16:56:17.409Z,ESP8266_MALICIOUS,10.181.225.236,10.181.225.181,217,1731,142,tcp,44474,368,1
2026-02-16T16:56:19.473Z,ESP8266_MALICIOUS,10.181.225.236,10.181.225.181,269,1721,144,tcp,34394,343,1
2026-02-16T16:56:23.144Z,ESP8266_MALICIOUS,10.181.225.236,10.181.225.181,126,2437,146,tcp,65271,261,1
2026-02-16T16:56:26.905Z,ESP8266_MALICIOUS,10.181.225.236,10.181.225.181,111,1340,149,tcp,5068,745,1
2026-02-16T16:56:29.384Z,ESP8266_MALICIOUS,10.181.225.236,10.181.225.181,206,1976,153,tcp,8972,924,1
2026-02-16T16:56:30.370Z,ESP8266_MALICIOUS,10.181.225.236,10.181.225.181,186,4951,155,tcp,1809,111,1
2026-02-16T16:56:32.404Z,ESP8266_MALICIOUS,10.181.225.236,10.181.225.181,112,1391,157,tcp,15281,643,1
2026-02-16T16:56:34.445Z,ESP8266_MALICIOUS,10.181.225.236,10.181.225.181,104,4623,159,tcp,6549,525,1
2026-02-16T16:56:38.035Z,ESP8266_MALICIOUS,10.181.225.236,10.181.225.181,240,1282,161,tcp,64733,623,1
2026-02-16T16:56:41.569Z,ESP8266_MALICIOUS,10.181.225.236,10.181.225.181,1654,138990,164,tcp,65210,13814,1
2026-02-16T16:56:43.427Z,ESP8266_MALICIOUS,10.181.225.236,10.181.225.181,1980,101873,168,tcp,53635,47970,1
2026-02-16T16:56:45.465Z,ESP8266_MALICIOUS,10.181.225.236,10.181.225.181,1925,128913,170,tcp,51184,61936,1
2026-02-16T16:56:47.540Z,ESP8266_MALICIOUS,10.181.225.236,10.181.225.181,1820,154965,172,tcp,56479,53604,1
2026-02-16T16:56:51.982Z,ESP8266_MALICIOUS,10.181.225.236,10.181.225.181,1069,142623,174,tcp,61110,21626,1
2026-02-16T16:56:55.319Z,ESP8266_MALICIOUS,10.181.225.236,10.181.225.181,820,185256,178,tcp,64913,7443,1
2026-02-16T16:56:55.995Z,ESP8266_MALICIOUS,10.181.225.236,10.181.225.181,1696,85545,180,tcp,55643,37450,1
2026-02-16T16:56:58.031Z,ESP8266_MALICIOUS,10.181.225.236,10.181.225.181,1478,88553,182,tcp,59037,9917,1
2026-02-16T16:57:00.060Z,ESP8266_MALICIOUS,10.181.225.236,10.181.225.181,1761,126134,184,tcp,60979,50373,1
2026-02-16T16:57:03.702Z,ESP8266_MALICIOUS,10.181.225.236,10.181.225.181,1814,144699,186,tcp,59074,12156,1
2026-02-16T16:57:07.405Z,ESP8266_MALICIOUS,10.181.225.236,10.181.225.181,659,30696,190,tcp,50123,56768,1
2026-02-16T16:57:09.510Z,ESP8266_MALICIOUS,10.181.225.236,10.181.225.181,578,66560,193,tcp,59120,44817,1
2026-02-16T16:57:11.042Z,ESP8266_MALICIOUS,10.181.225.236,10.181.225.181,847,30456,195,tcp,55983,24539,1
2026-02-16T16:57:13.071Z,ESP8266_MALICIOUS,10.181.225.236,10.181.225.181,321,53331,197,tcp,50247,50962,1
2026-02-16T16:57:17.369Z,ESP8266_MALICIOUS,10.181.225.236,10.181.225.181,947,84545,199,tcp,65040,45649,1
2026-02-16T16:57:20.483Z,ESP8266_MALICIOUS,10.181.225.236,10.181.225.181,946,22260,203,tcp,60510,24848,1
2026-02-16T16:57:20.915Z,ESP8266_MALICIOUS,10.181.225.236,10.181.225.181,519,53129,205,tcp,54512,1827,1
2026-02-16T16:57:22.995Z,ESP8266_MALICIOUS,10.181.225.236,10.181.225.181,450,88002,207,tcp,62522,1510,1
2026-02-16T16:57:24.979Z,ESP8266_MALICIOUS,10.181.225.236,10.181.225.181,953,91770,209,tcp,65000,6955,1
2026-02-16T16:57:29.522Z,ESP8266_MALICIOUS,10.181.225.236,10.181.225.181,549,74581,211,tcp,58664,61233,1
2026-02-16T16:57:33.614Z,ESP8266_MALICIOUS,10.181.225.236,10.181.225.181,903,103021,216,tcp,61340,29934,1
2026-02-16T16:57:35.631Z,ESP8266_MALICIOUS,10.181.225.236,10.181.225.181,870,132821,220,tcp,58071,26784,1
2026-02-16T16:57:37.324Z,ESP8266_MALICIOUS,10.181.225.236,10.181.225.181,1404,59718,222,tcp,62361,15161,1
2026-02-16T16:57:39.361Z,ESP8266_MALICIOUS,10.181.225.236,10.181.225.181,957,92601,224,tcp,56922,52034,1
2026-02-16T16:57:43.256Z,ESP8266_MALICIOUS,10.181.225.236,10.181.225.181,666,89995,226,tcp,58320,7928,1
2026-02-16T16:57:46.462Z,ESP8266_MALICIOUS,10.181.225.236,10.181.225.181,1363,113218,229,tcp,61529,17878,1
2026-02-16T16:57:47.024Z,ESP8266_MALICIOUS,10.181.225.236,10.181.225.181,910,146210,231,tcp,50274,51676,1
2026-02-16T16:57:49.011Z,ESP8266_MALICIOUS,10.181.225.236,10.181.225.181,509,63997,233,tcp,58932,61232,1
2026-02-16T16:57:51.053Z,ESP8266_MALICIOUS,10.181.225.236,10.181.225.181,1274,72134,235,tcp,54972,29665,1
2026-02-16T16:57:55.368Z,ESP8266_MALICIOUS,10.181.225.236,10.181.225.181,1192,129467,237,tcp,54913,17070,1
2026-02-16T16:57:56.883Z,ESP8266_MALICIOUS,10.181.225.236,10.181.225.181,195,3544,241,tcp,47079,869,1
2026-02-16T16:57:58.867Z,ESP8266_MALICIOUS,10.181.225.236,10.181.225.181,102,3572,243,tcp,27695,448,1
2026-02-16T16:58:00.912Z,ESP8266_MALICIOUS,10.181.225.236,10.181.225.181,190,1025,245,tcp,29186,1014,1
2026-02-16T16:58:05.144Z,ESP8266_MALICIOUS,10.181.225.236,10.181.225.181,117,1181,247,tcp,24799,603,1
2026-02-16T16:58:08.758Z,ESP8266_MALICIOUS,10.181.225.236,10.181.225.181,206,4371,251,tcp,13134,578,1
2026-02-16T16:58:09.140Z,ESP8266_MALICIOUS,10.181.225.236,10.181.225.181,171,4407,254,tcp,4217,635,1
2026-02-16T16:58:11.276Z,ESP8266_MALICIOUS,10.181.225.236,10.181.225.181,149,2319,256,tcp,36402,17,1
2026-02-16T16:58:13.216Z,ESP8266_MALICIOUS,10.181.225.236,10.181.225.181,139,1394,258,tcp,12435,839,1
2026-02-16T16:58:16.832Z,ESP8266_MALICIOUS,10.181.225.236,10.181.225.181,263,1188,260,tcp,55844,920,1
2026-02-16T16:58:20.452Z,ESP8266_MALICIOUS,10.181.225.236,10.181.225.181,261,1563,264,tcp,51041,965,1
2026-02-16T16:58:21.186Z,ESP8266_MALICIOUS,10.181.225.236,10.181.225.181,838,160996,266,tcp,65014,50870,1
2026-02-16T16:58:23.283Z,ESP8266_MALICIOUS,10.181.225.236,10.181.225.181,1942,165302,268,tcp,51157,40561,1
2026-02-16T16:58:25.225Z,ESP8266_MALICIOUS,10.181.225.236,10.181.225.181,1431,146662,270,tcp,53464,3251,1
2026-02-16T16:58:29.065Z,ESP8266_MALICIOUS,10.181.225.236,10.181.225.181,996,126382,272,tcp,65104,46198,1
2026-02-16T16:58:32.308Z,ESP8266_MALICIOUS,10.181.225.236,10.181.225.181,834,186598,276,tcp,55908,31479,1
2026-02-16T16:58:33.701Z,ESP8266_MALICIOUS,10.181.225.236,10.181.225.181,1371,147331,278,tcp,63961,42200,1
2026-02-16T16:58:35.737Z,ESP8266_MALICIOUS,10.181.225.236,10.181.225.181,1311,189880,280,tcp,59351,65494,1
2026-02-16T17:09:33.002Z,ESP8266_MALICIOUS,10.181.225.236,10.181.225.181,460,74997,934,tcp,52617,43373,1
2026-02-16T17:09:33.262Z,ESP8266_MALICIOUS,10.181.225.236,10.181.225.181,480,57174,938,tcp,65336,10070,1
2026-02-16T17:09:35.154Z,ESP8266_MALICIOUS,10.181.225.236,10.181.225.181,858,43298,940,tcp,54219,2462,1
2026-02-16T17:09:37.187Z,ESP8266_MALICIOUS,10.181.225.236,10.181.225.181,839,31823,942,tcp,56120,21690,1
2026-02-16T17:09:39.232Z,ESP8266_MALICIOUS,10.181.225.236,10.181.225.181,791,144467,944,tcp,52579,30829,1
2026-02-16T17:09:41.275Z,ESP8266_MALICIOUS,10.181.225.236,10.181.225.181,563,91813,946,tcp,55904,17755,1
2026-02-16T17:09:43.633Z,ESP8266_MALICIOUS,10.181.225.236,10.181.225.181,791,143448,948,tcp,62917,5789,1
2026-02-16T17:09:45.347Z,ESP8266_MALICIOUS,10.181.225.236,10.181.225.181,1122,80640,950,tcp,62251,15266,1
2026-02-16T17:09:47.349Z,ESP8266_MALICIOUS,10.181.225.236,10.181.225.181,889,141492,952,tcp,60865,36180,1
2026-02-16T17:09:49.395Z,ESP8266_MALICIOUS,10.181.225.236,10.181.225.181,1309,62383,954,tcp,59850,41230,1
2026-02-16T17:09:51.434Z,ESP8266_MALICIOUS,10.181.225.236,10.181.225.181,840,59981,956,tcp,55082,50430,1
2026-02-16T17:09:53.477Z,ESP8266_MALICIOUS,10.181.225.236,10.181.225.181,978,52710,958,tcp,49958,29000,1
2026-02-16T17:09:55.524Z,ESP8266_MALICIOUS,10.181.225.236,10.181.225.181,526,73048,960,tcp,49593,65315,1
2026-02-16T17:09:57.566Z,ESP8266_MALICIOUS,10.181.225.236,10.181.225.181,785,107508,962,tcp,56529,12602,1
2026-02-16T17:09:59.607Z,ESP8266_MALICIOUS,10.181.225.236,10.181.225.181,268,1590,964,tcp,12349,854,1
2026-02-16T17:10:01.670Z,ESP8266_MALICIOUS,10.181.225.236,10.181.225.181,247,2720,966,tcp,56434,582,1
2026-02-16T17:10:03.661Z,ESP8266_MALICIOUS,10.181.225.236,10.181.225.181,143,2568,968,tcp,11083,336,1
2026-02-16T17:10:05.701Z,ESP8266_MALICIOUS,10.181.225.236,10.181.225.181,109,4424,970,tcp,10352,684,1
2026-02-16T17:10:07.735Z,ESP8266_MALICIOUS,10.181.225.236,10.181.225.181,185,2126,972,tcp,19749,168,1
2026-02-16T17:10:09.778Z,ESP8266_MALICIOUS,10.181.225.236,10.181.225.181,253,4963,974,tcp,46281,973,1
2026-02-16T17:10:11.824Z,ESP8266_MALICIOUS,10.181.225.236,10.181.225.181,278,3152,976,tcp,59047,58,1
2026-02-16T17:10:13.877Z,ESP8266_MALICIOUS,10.181.225.236,10.181.225.181,106,3960,978,tcp,11110,326,1
2026-02-16T17:10:15.872Z,ESP8266_MALICIOUS,10.181.225.236,10.181.225.181,131,2657,980,tcp,49834,723,1
2026-02-16T17:10:17.913Z,ESP8266_MALICIOUS,10.181.225.236,10.181.225.181,278,3003,982,tcp,35241,218,1
2026-02-16T17:10:19.951Z,ESP8266_MALICIOUS,10.181.225.236,10.181.225.181,1482,175033,984,tcp,53873,57219,1
2026-02-16T17:10:21.988Z,ESP8266_MALICIOUS,10.181.225.236,10.181.225.181,1035,181433,986,tcp,50792,19076,1
2026-02-16T17:10:24.025Z,ESP8266_MALICIOUS,10.181.225.236,10.181.225.181,1367,101394,988,tcp,52466,33474,1
2026-02-16T17:10:26.061Z,ESP8266_MALICIOUS,10.181.225.236,10.181.225.181,1165,104232,990,tcp,64567,46020,1
2026-02-16T17:10:28.093Z,ESP8266_MALICIOUS,10.181.225.236,10.181.225.181,951,187544,993,tcp,61064,44414,1
2026-02-16T17:10:30.150Z,ESP8266_MALICIOUS,10.181.225.236,10.181.225.181,914,181959,995,tcp,56758,48260,1
2026-02-16T17:10:32.165Z,ESP8266_MALICIOUS,10.181.225.236,10.181.225.181,1017,103194,997,tcp,63653,3863,1
2026-02-16T17:10:34.161Z,ESP8266_MALICIOUS,10.181.225.236,10.181.225.181,1026,82251,999,tcp,50264,64074,1
2026-02-16T17:10:36.215Z,ESP8266_MALICIOUS,10.181.225.236,10.181.225.181,1872,112813,1001,tcp,55382,43840,1
2026-02-16T17:10:38.246Z,ESP8266_MALICIOUS,10.181.225.236,10.181.225.181,1007,85819,1003,tcp,60177,2650,1
2026-02-16T17:10:40.258Z,ESP8266_MALICIOUS,10.181.225.236,10.181.225.181,591,67851,1005,tcp,54875,31391,1
2026-02-16T17:10:42.252Z,ESP8266_MALICIOUS,10.181.225.236,10.181.225.181,273,57348,1007,tcp,51076,52535,1
2026-02-16T17:10:44.293Z,ESP8266_MALICIOUS,10.181.225.236,10.181.225.181,531,36281,1009,tcp,59307,3162,1
2026-02-16T17:11:04.319Z,ESP8266_MALICIOUS,10.181.225.236,10.181.225.181,568,32319,1026,tcp,58320,48974,1
2026-02-16T17:11:04.410Z,ESP8266_MALICIOUS,10.181.225.236,10.181.225.181,806,90559,1029,tcp,53969,16720,1
2026-02-16T17:11:06.443Z,ESP8266_MALICIOUS,10.181.225.236,10.181.225.181,272,92537,1031,tcp,54855,7193,1
2026-02-16T17:11:08.477Z,ESP8266_MALICIOUS,10.181.225.236,10.181.225.181,983,32827,1033,tcp,58344,41997,1
2026-02-16T17:13:13.231Z,ESP8266_MALICIOUS,10.181.225.236,10.181.225.181,805,114720,1156,tcp,51219,45772,1
2026-02-16T17:13:13.937Z,ESP8266_MALICIOUS,10.181.225.236,10.181.225.181,1171,118069,1158,tcp,61643,28719,1
2026-02-16T17:13:15.893Z,ESP8266_MALICIOUS,10.181.225.236,10.181.225.181,1132,132923,1160,tcp,64716,12103,1
2026-02-16T17:13:18.575Z,ESP8266_MALICIOUS,10.181.225.236,10.181.225.181,1798,114266,1162,tcp,51819,61976,1
2026-02-16T17:13:20.575Z,ESP8266_MALICIOUS,10.181.225.236,10.181.225.181,1437,148250,1164,tcp,60118,36984,1
2026-02-16T17:13:22.282Z,ESP8266_MALICIOUS,10.181.225.236,10.181.225.181,826,82767,1166,tcp,53349,29374,1
2026-02-16T17:13:24.451Z,ESP8266_MALICIOUS,10.181.225.236,10.181.225.181,567,39958,1168,tcp,62412,36451,1
2026-02-16T17:13:25.989Z,ESP8266_MALICIOUS,10.181.225.236,10.181.225.181,604,22741,1170,tcp,65353,32404,1
2026-02-16T17:13:28.030Z,ESP8266_MALICIOUS,10.181.225.236,10.181.225.181,876,33562,1172,tcp,59127,18472,1
2026-02-16T17:13:31.497Z,ESP8266_MALICIOUS,10.181.225.236,10.181.225.181,677,96739,1174,tcp,49406,13217,1
2026-02-16T17:13:32.106Z,ESP8266_MALICIOUS,10.181.225.236,10.181.225.181,401,45437,1176,tcp,54280,33934,1
2026-02-16T17:13:34.092Z,ESP8266_MALICIOUS,10.181.225.236,10.181.225.181,351,50939,1179,tcp,59890,3914,1
2026-02-16T17:13:36.131Z,ESP8266_MALICIOUS,10.181.225.236,10.181.225.181,558,34444,1181,tcp,59774,53860,1
2026-02-16T17:13:38.157Z,ESP8266_MALICIOUS,10.181.225.236,10.181.225.181,709,41529,1183,tcp,51514,52101,1
2026-02-16T17:13:40.213Z,ESP8266_MALICIOUS,10.181.225.236,10.181.225.181,755,70546,1185,tcp,57112,11930,1
2026-02-16T17:13:42.221Z,ESP8266_MALICIOUS,10.181.225.236,10.181.225.181,845,20195,1187,tcp,51281,29452,1
2026-02-16T17:13:44.273Z,ESP8266_MALICIOUS,10.181.225.236,10.181.225.181,636,84905,1189,tcp,60813,16517,1
2026-02-16T17:13:46.255Z,ESP8266_MALICIOUS,10.181.225.236,10.181.225.181,842,66431,1191,tcp,56941,12814,1
2026-02-16T17:13:48.323Z,ESP8266_MALICIOUS,10.181.225.236,10.181.225.181,1441,69299,1193,tcp,50735,46492,1
2026-02-16T17:13:50.321Z,ESP8266_MALICIOUS,10.181.225.236,10.181.225.181,740,63910,1195,tcp,50309,59791,1
2026-02-16T17:13:52.359Z,ESP8266_MALICIOUS,10.181.225.236,10.181.225.181,1283,107061,1197,tcp,49540,22954,1
2026-02-16T17:13:54.397Z,ESP8266_MALICIOUS,10.181.225.236,10.181.225.181,782,103461,1199,tcp,60505,63482,1
2026-02-16T17:13:56.435Z,ESP8266_MALICIOUS,10.181.225.236,10.181.225.181,1407,140082,1201,tcp,55799,35689,1
2026-02-16T17:13:58.477Z,ESP8266_MALICIOUS,10.181.225.236,10.181.225.181,1186,86948,1203,tcp,61163,15077,1
2026-02-16T17:14:00.510Z,ESP8266_MALICIOUS,10.181.225.236,10.181.225.181,582,84954,1205,tcp,49225,13764,1
2026-02-16T17:14:02.543Z,ESP8266_MALICIOUS,10.181.225.236,10.181.225.181,786,115679,1207,tcp,64391,33635,1
2026-02-16T17:14:04.579Z,ESP8266_MALICIOUS,10.181.225.236,10.181.225.181,171,2003,1209,tcp,36453,800,1
2026-02-16T17:14:06.611Z,ESP8266_MALICIOUS,10.181.225.236,10.181.225.181,188,1341,1211,tcp,21583,3,1
2026-02-16T17:14:08.650Z,ESP8266_MALICIOUS,10.181.225.236,10.181.225.181,142,1360,1213,tcp,15219,491,1
